Month,sg20y,sg20yl1,sg15yl1,sg10yl1,sg5yl1,sg1yl1,uk1yl1,uk3yl1,uk5yl1,uk7yl1,uk10yl1,uk25yl1,jp1yl1,jp2yl1,jp3yl1,jp5yl1,jp7yl1,jp10yl1,jp20yl1,jp30yl1,prc3ml1,prc6ml1,prc1yl1,prc3yl1,prc5yl1,prc7yl1,prc10yl1,prc30yl1,us1ml1,us3ml1,us6ml1,us1yl1,us2yl1,us3yl1,us5yl1,us7yl1,us10yl1,us20yl1,us30yl1,prcinfl1,jpinfl1,sginfl1,ukinfl1,usinfl1,prcipgrl2,jpipgrl2,sgipgrl2,ukipgrl2,usipgrl2,prcdeprl1,jpdeprl1,sgdeprl1,ukdeprl1,sgtradegrl1,prcequityl1,jpequityl1,sgequityl1,ukequityl1,usequityl1
Jan-09,2.64,,,,,,,,,,,,,,,,,,,,,,,,,,,,,,,,,,,,,,,,,,,,,,,,,,,,,,,,,,
Feb-09,3.06,2.64,2.41,2.13,1.47,0.75,0.906892433,2.059264649,2.695327862,3.045056391,3.389166792,3.978873248,0.308,0.358,0.463,0.678,0.807,1.212,1.797,1.886,0.9506,1.0098,1.0836,1.2796,1.8167,2.1439,2.7102,3.6305,0.04,0.08,0.28,0.4,0.88,1.14,1.72,2.07,2.46,3.22,2.83,0.009,-0.005186667,7.02E-05,-0.005740528,0.004352437,0.114459024,-0.080838733,-0.077906072,0.001040399,-0.028314969,0.002407057,-0.008052995,0.055520593,-0.016589679,-0.231506259,0.09,-0.097692189,0.082521314,0.090685256,-0.085657343
Mar-09,3.06,3.06,2.69,2.04,1.35,0.49,0.953610629,1.988896897,2.872021879,3.498863696,4.076792294,4.66182754,0.318,0.396,0.52,0.743,0.866,1.304,1.883,1.989,0.92,0.9924,1.0737,1.4549,2.2958,2.6927,3.0502,3.775,0.19,0.27,0.39,0.51,0.89,1.27,1.75,2.16,2.76,3.75,3.47,0,-0.003128246,-0.003169331,0.006928406,0.004972976,0.103122391,-0.080347423,-0.146113261,-0.023908643,-0.024792518,-0.000117135,0.086187724,0.02378271,-0.00936657,0.037964163,0.05,-0.053243336,-0.067999847,-0.080373554,-0.109931198
Apr-09,2.99,3.06,2.69,2.06,1.07,0.44,0.772990805,1.830275646,2.617081231,3.198480268,3.815129322,4.676098852,0.347,0.393,0.503,0.733,0.853,1.32,1.92,2.044,0.9069,0.9221,1.0031,1.6868,2.4174,2.759,3.1582,3.9683,0.17,0.28,0.45,0.67,0.89,1.28,1.86,2.54,2.91,3.89,3.64,-0.003,0.003138063,-0.005690084,0.001146789,0.002431683,0.007929531,-0.08382531,0.136348657,0,-0.006108698,-0.000380735,0.013310157,-0.015465252,0.004691146,0.085215244,0.14,0.071495751,-0.100798105,-0.110832365,0.085404462
May-09,3.05,2.99,2.59,2.04,1.41,0.43,0.690252352,1.829076613,2.465265658,2.832734505,3.301454106,4.439672467,0.303,0.398,0.515,0.771,0.945,1.34,1.948,2.085,0.8746,0.9303,0.9643,1.6269,2.3429,2.8306,3.1618,3.9896,0.18,0.22,0.41,0.58,0.83,1.16,1.65,2.25,2.68,3.54,3.51,-0.002,0.00104268,-0.006430603,0.002290951,0.002496429,-0.023507192,0.009020597,-0.070579279,-0.007454839,-0.015503078,-0.00246107,-0.00282913,-0.025172527,0.030892426,-0.008775527,0.04,0.088627824,0.110121299,0.090952968,0.09392508
Jun-09,3.29,3.05,2.67,2.1,1.35,0.31,0.665970528,1.881216483,2.594003034,3.057201302,3.636144578,4.622941645,0.267,0.371,0.497,0.807,1.015,1.398,2.005,2.151,0.8483,0.9094,1.0114,1.7768,2.4138,2.8231,3.1092,3.9961,0.06,0.16,0.31,0.49,0.92,1.39,2.03,2.72,3.21,4.14,4.09,-0.003,-0.002083291,0.005344037,0.004571429,0.002888798,0.031233454,0.043422862,0.170892,0.013948584,-0.007991424,0.001292312,-0.034228452,-0.026901294,0.094029723,-0.034293313,0.06,0.078638401,0.191774465,0.072709392,0.053081446
Jul-09,3.25,3.29,3.07,2.64,1.31,0.33,0.659548634,1.975527297,2.715402428,3.198482765,3.814105761,4.810483389,0.186,0.345,0.499,0.837,1.134,1.499,2.152,2.269,0.9022,0.915,0.9566,1.6382,2.3779,2.7952,3.0615,3.9514,0.13,0.13,0.29,0.48,0.97,1.52,2.55,3.28,3.71,4.56,4.55,-0.005,-0.00208764,-0.004406067,0.002275313,0.008589782,-0.078816651,0.03671965,-0.030262654,-0.014814812,-0.009753015,0.000322661,0.010691257,0.002909998,0.017817353,0.029992686,0.12,0.04578004,0.173193803,0.061974161,0.000195827
Aug-09,3.2,3.25,3.07,2.64,1.45,0.35,0.832619103,2.361140293,2.971656143,3.277856004,3.702998684,4.627679417,0.178,0.287,0.413,0.707,0.942,1.352,2.03,2.176,0.8782,0.9403,0.981,1.8052,2.4853,2.9245,3.23,4.0326,0.13,0.17,0.33,0.54,1.05,1.57,2.51,3.2,3.55,4.32,4.34,0,-0.003138165,0.008542648,-0.001135074,-0.001585439,0.079084201,0.016528886,0.021176834,0.005370539,-0.003046552,0.000234587,-0.017554079,-0.006079447,0.014466623,0.092727559,0.15,0.040005225,-0.011562685,-0.036722819,0.074141727
Sep-09,3.23,3.2,2.93,2.44,1.34,0.35,0.740139047,2.378652682,3.082966033,3.467104161,3.912490669,4.766274139,0.198,0.275,0.414,0.736,1.008,1.444,2.139,2.32,1.2665,1.5439,1.6265,2.4357,2.9745,3.271,3.5034,4.08,0.15,0.19,0.28,0.48,1.18,1.72,2.66,3.3,3.66,4.4,4.42,0.005,0.003148044,0.003576344,0.003409091,0.002242819,0.130812252,0.011614423,0.2019779,0.009615412,0.011944364,-0.000131924,-0.018702409,0.001807187,-0.024731384,-0.062651376,-0.22,0.013102483,0.139886506,0.07873136,0.033560189
Oct-09,3.17,3.23,3.07,2.46,1.3,0.37,0.582546158,1.985564352,2.687684898,3.145513577,3.631261899,4.203871956,0.173,0.24,0.321,0.628,0.871,1.323,2.08,2.236,1.2828,1.4116,1.6274,2.3562,2.9025,3.1628,3.481,4.0858,0.08,0.14,0.23,0.43,0.92,1.44,2.33,2.99,3.38,4.14,4.19,0.004,0,-0.003504988,0,0.000625393,-0.047197231,0.014925321,-0.0681303,-0.020105787,0.01116976,-0.000703689,-0.032303219,-0.022826615,-0.017794064,0.083507648,0.04,-0.03424339,-0.031790248,0.02930938,0.035723346
Nov-09,3.29,3.17,3.06,2.42,1.42,0.39,0.664170938,1.939274485,2.680667155,3.193203592,3.712279968,4.171776212,0.169,0.234,0.324,0.59,0.838,1.3,2.061,2.222,1.245,1.3487,1.5013,2.3995,2.9379,3.35,3.5542,4.138,0.03,0.1,0.15,0.37,0.87,1.36,2.2,2.82,3.21,3.95,3.97,-0.001,-0.00418422,0.006034726,0.001132503,0.00096313,-0.025406341,0.030543009,-0.058486118,0,0.008557465,0.000161376,0.005007199,-0.00639023,0.02786268,-0.003676827,0.08,-0.00971953,0.023513417,0.047328672,-0.019762001
Dec-09,3.2,3.29,3.19,2.55,1.35,0.55,0.687277629,2.006621912,2.766198574,3.264607032,3.768371174,4.258898173,0.18,0.246,0.367,0.66,0.962,1.384,2.093,2.215,1.3025,1.3271,1.5301,2.5013,3.1142,3.4518,3.692,4.1693,0.03,0.06,0.17,0.38,0.92,1.44,2.33,3,3.45,4.22,4.26,0.003,-0.002100798,0.000526187,0.002262443,0.000707728,-0.038286491,0.027442474,-0.034145641,0.002159753,0.002290506,-4.40E-05,-0.045062002,-0.0124339,0.000609196,-0.029589715,0.07,-0.068680445,-0.004519387,0.011230613,0.057364062
Jan-10,3.4,3.2,3.09,2.51,1.33,0.51,0.612512688,1.840248728,2.660720687,3.190678195,3.69866601,4.211345347,0.138,0.165,0.22,0.479,0.754,1.223,1.974,2.116,1.2157,1.3345,1.4841,2.4122,2.9813,3.2872,3.5723,4.1851,0.09,0.06,0.15,0.26,0.67,1.14,2.03,2.74,3.28,4.14,4.26,0.01,-0.00210522,-0.006030433,0.003386005,-0.001761221,0.143355368,0.020299065,-0.079324978,-0.002155099,0.004022631,0.001950948,0.077217438,0.015846599,-0.016764563,0.065021335,0.03,0.12849866,0.047447863,0.04068371,0.017770571
Feb-10,3.27,3.4,3.32,2.7,1.32,0.6,0.708400469,2.06883246,2.982091131,3.615428034,4.202963297,4.510904062,0.131,0.147,0.238,0.495,0.828,1.322,2.11,2.266,1.2372,1.4107,1.5,2.4374,2.9584,3.2816,3.6603,4.1856,0.05,0.08,0.18,0.45,1.09,1.66,2.65,3.36,3.85,4.6,4.65,0.006,0.001054779,0.007430923,-0.001124859,0.003417473,-0.069173473,0.008376958,0.175780619,0.001079825,0.003307335,-0.001991069,-0.028845128,0.002706745,-0.012733268,-0.028664864,-0.09,-0.03303488,0.044605641,0.018958354,-0.036974246
Mar-10,3.37,3.27,3.18,2.51,1.25,0.44,0.706632957,2.046614965,2.941098412,3.551927631,4.11354252,4.476283063,0.12,0.155,0.243,0.514,0.841,1.344,2.124,2.282,1.2896,1.4233,1.6445,2.506,2.9558,3.2434,3.5406,4.1724,0.05,0.1,0.17,0.33,0.86,1.41,2.38,3.12,3.68,4.43,4.56,0.012,0,0.004271609,0.002252252,0.000249282,-0.007926331,0.022844932,0.044555966,-0.005393713,0.010700718,-2.93E-05,-0.01485098,-0.00198906,-0.049791656,-0.081736907,0.02,-0.007061138,-0.054716623,-0.030569678,0.028513689
Apr-10,3.45,3.37,3.29,2.68,1.3,0.4,0.639250876,1.782991907,2.78336156,3.529465199,4.237292341,4.737656966,0.12,0.155,0.246,0.526,0.825,1.328,2.141,2.285,1.3243,1.3892,1.6094,2.4088,2.8114,3.0983,3.3613,4.0976,0.09,0.13,0.19,0.32,0.8,1.34,2.28,3.04,3.61,4.41,4.56,-0.007,0.002107542,0.000778635,0.004494382,0.004106278,0.010623613,0.003046117,-0.03601104,0.009761416,0.003431983,-0.000117359,0.052086827,-0.004042992,0.000212114,0.20919784,0.02,0.095191317,0.013847824,0.030211095,0.058796426
May-10,3.32,3.45,3.38,2.81,1.23,0.37,0.681753671,1.826696187,2.78515319,3.496472553,4.176408492,4.643567971,0.129,0.163,0.258,0.529,0.856,1.36,2.14,2.266,1.2123,1.427,1.5782,2.3365,2.7779,3.09,3.4742,4.1028,0.16,0.16,0.24,0.42,1.05,1.63,2.59,3.32,3.89,4.58,4.74,0.002,0,0.00912733,0.005592841,0.001736861,0.034432759,0.003036867,0.183857725,0.011815206,0.00720356,1.47E-05,0.003314853,-0.020883063,0.007665447,-0.009174971,-0.08,-0.002934194,0.060907118,0.062699549,0.01475923
Jun-10,3.17,3.32,3.24,2.67,1.08,0.41,0.680248862,1.830258766,2.753429533,3.437222069,4.103432743,4.616234891,0.137,0.16,0.216,0.473,0.764,1.293,2.039,2.137,1.3183,1.4317,1.61,2.3132,2.6593,3.0336,3.3826,4.0823,0.14,0.17,0.25,0.43,1,1.56,2.47,3.16,3.72,4.37,4.53,-0.001,0,0.005765181,0.002224694,0.000775275,0.034243633,0.012108721,0.145361484,-0.021231405,0.003518888,0.000308099,-0.02813599,0.02159854,-0.050855844,-0.053322669,-0.1,-0.116546399,0.000407744,-0.033351378,-0.081975842
Jul-10,2.98,3.17,3.06,2.71,0.88,0.35,0.608772641,1.540041907,2.410120434,3.092166428,3.791873351,4.481027964,0.139,0.155,0.212,0.453,0.724,1.28,2.041,2.125,1.764,1.7837,1.8391,2.315,2.5489,2.9508,3.2726,4.0247,0.14,0.16,0.23,0.35,0.78,1.26,2.09,2.74,3.29,4.03,4.19,-0.006,-0.00210311,-0.009553557,0.001109878,-0.0009763,0.041962026,-0.003988275,0.031907049,0,0.013739922,-0.006761414,-0.030266498,-0.000207204,0.029081374,0.096321454,-0.07,-0.039520155,-0.077704791,-0.070226839,-0.053882442
Aug-10,2.93,2.98,2.84,2.36,0.76,0.35,0.595841706,1.3803846,2.213253956,2.88251052,3.585279079,4.405397263,0.138,0.14,0.17,0.33,0.562,1.073,1.788,1.89,2.0649,2.0717,2.121,2.4001,2.6257,2.8882,3.2848,4.0245,0.16,0.17,0.22,0.32,0.63,1.01,1.8,2.43,2.96,3.71,3.88,0.004,-0.005268648,0.012810886,-0.002217295,0.000210957,-0.02392617,-0.00600588,-0.173581188,-0.014099766,0.002155852,-0.001004135,-0.022390625,-0.028514257,0.050437858,0.019152294,0.1,0.016483651,0.038634623,-0.069248349,0.06877785
Sep-10,2.81,2.93,2.67,2.04,0.61,0.35,0.632426285,1.426777652,2.228097413,2.871657207,3.569098901,4.56273629,0.129,0.145,0.178,0.357,0.574,1.062,1.721,1.817,1.5253,1.847,1.9327,2.3328,2.6791,2.8987,3.3131,3.9911,0.14,0.16,0.2,0.28,0.56,0.85,1.64,2.35,2.99,3.82,4.06,0.006,0.001059352,0.00461928,0.004444444,0.001380718,-0.066695153,0.012084337,0.022965166,-0.008800893,0.003835785,0.00415361,-0.022186224,-0.00316316,-0.014785238,-0.004193228,0,-0.074784294,0.072576099,0.123052593,-0.047449184
Oct-10,2.84,2.81,2.41,2.01,0.67,0.33,0.579286461,1.080443381,1.757465425,2.353235713,3.021735068,4.031865602,0.108,0.119,0.138,0.291,0.535,1.051,1.74,1.854,1.7162,1.84,1.9086,2.3346,2.6296,2.8645,3.2358,3.9512,0.16,0.13,0.19,0.25,0.5,0.75,1.41,2.02,2.58,3.35,3.65,0.006,0.002116359,0.000544953,0,0.000581707,0.016743453,0.004975182,-0.088107984,-0.001109893,0.003660598,-0.016913724,-0.009061646,-0.027599439,0.021324209,-0.016708196,0.01,0.061795825,-0.013953534,-0.005688229,0.087551103
Nov-10,2.96,2.84,2.43,2.04,0.89,0.34,0.585501201,1.102612009,1.812979071,2.450297953,3.151242636,4.104932476,0.112,0.128,0.147,0.254,0.456,0.962,1.72,1.861,1.8464,1.8941,1.9493,2.3323,2.7637,3.0292,3.3342,3.9676,0.15,0.16,0.19,0.26,0.42,0.63,1.26,1.9,2.54,3.4,3.71,0.007,0.003167886,0.004493413,0.002212389,0.001245202,0.015073546,0.012870857,0.109386849,-0.008888902,0.002878247,-0.000284499,-0.02491462,-0.010169234,-0.001371885,0.009569374,0.12,-0.01781334,0.049640777,0.042205124,0.036855994
Dec-10,3.13,2.96,2.52,1.99,0.89,0.41,0.612749271,1.141825757,1.878025129,2.546664835,3.30423823,4.405828588,0.116,0.138,0.161,0.302,0.5,0.952,1.814,1.972,1.8923,1.9281,2.0448,2.6322,3.1834,3.4832,3.6941,4.1529,0.14,0.13,0.16,0.22,0.34,0.5,1.17,1.9,2.66,3.66,4.01,0.011,-0.003157882,0.003309799,0.003311258,0.000420692,0.057443071,-0.028347574,-0.006570036,0.017937247,-0.002721473,-0.003894256,0.031525814,0.012727133,-0.0138144,-0.042869576,-0.05,0.079825463,0.019572647,0.018187345,-0.00229025
Jan-11,3.22,3.13,2.84,2.35,1.2,0.4,0.591597616,1.234188849,2.031300825,2.708774738,3.45908592,4.453836882,0.154,0.179,0.228,0.413,0.696,1.161,1.96,2.064,2.7145,2.7434,2.77,3.2394,3.6401,3.7711,3.8919,4.3948,0.17,0.16,0.2,0.28,0.53,0.84,1.64,2.33,2.97,3.95,4.24,0.005,-0.002111889,0.001531221,0.00880088,0.001718458,-0.062707256,0.017102421,0.003300372,-0.019823845,0.000794813,-0.005728893,-0.032924194,-0.024816413,-0.007656749,0.016521856,0,0.02937292,-0.003207839,-0.009152498,0.06530004
Feb-11,3.35,3.22,3.02,2.72,1.4,0.42,0.649741593,1.48614363,2.314001539,2.954827571,3.61742625,4.359796229,0.141,0.173,0.242,0.426,0.726,1.167,1.922,2.031,2.9634,3.0288,3.2281,3.3801,3.5,3.6783,3.8606,4.2705,0.11,0.15,0.19,0.29,0.61,1.03,2.02,2.74,3.36,4.18,4.39,0.01,-0.001058231,0.016311802,0.001090513,0.004763179,0.103283107,0.002967779,-0.093973455,-0.008988672,0.009795338,-0.006034118,0.007474153,-0.00059777,0.025406326,0.023265531,-0.01,0.000879858,0.016917352,0.045625166,0.022645574
Mar-11,3.3,3.35,3.07,2.6,1.18,0.4,0.79379874,1.723298537,2.585814812,3.235796825,3.882739994,4.627248741,0.15,0.195,0.296,0.512,0.804,1.237,1.998,2.136,3.2255,3.1293,3.1427,3.3571,3.616,3.8233,4.0186,4.3363,0.16,0.15,0.18,0.27,0.61,1.04,2.02,2.79,3.48,4.37,4.62,0.012,0,-0.000730048,0.005446623,0.004931419,-0.056666451,0.006903047,0.205982954,0.010204003,-0.00203777,-0.001445417,-0.005688887,-0.009981745,0.01713089,-0.167844344,0.04,0.037719569,-0.015770589,0.009810269,0.031956564
Apr-11,3.17,3.3,3.01,2.61,1.14,0.4,0.901213763,1.838141289,2.650755016,3.269425613,3.887192862,4.553902837,0.181,0.238,0.344,0.572,0.869,1.3,2.039,2.15,2.5369,2.7568,2.9727,3.35,3.5795,3.8026,3.9259,4.2961,0.07,0.14,0.16,0.25,0.66,1.15,2.11,2.81,3.41,4.24,4.48,-0.002,0.002118601,0.001317261,0.003250271,0.009751037,0.013316865,0.003917964,-0.147983262,-0.028058418,-0.004297842,-0.002194119,0.018720443,-0.010592389,-0.001639704,0.27361345,0.01,-0.081794323,-0.036781653,-0.003702697,-0.001047313
May-11,3.01,3.17,2.88,2.5,1.18,0.34,0.935668866,1.853768043,2.657659929,3.274632966,3.897458804,4.521026393,0.149,0.205,0.278,0.51,0.822,1.28,2.057,2.179,2.6197,2.6967,2.8259,3.2328,3.5071,3.7395,3.9126,4.2814,0.03,0.07,0.15,0.27,0.8,1.31,2.24,2.9,3.46,4.27,4.48,0.001,0.001057113,0.003493334,0.007559395,0.006439435,0.082257024,-0.158048872,0.280658672,-0.005773531,0.010635256,-0.007268729,-0.019482898,-0.027121332,0.035831,-0.096954742,-0.01,0.009701656,0.017234972,0.012493767,0.02849538
Jun-11,2.94,3.01,2.79,2.41,1.1,0.44,0.74843456,1.644531423,2.453397024,3.076404254,3.711647514,4.358518207,0.16,0.186,0.259,0.47,0.753,1.219,2.024,2.145,2.6131,2.7257,2.8335,3.2617,3.4242,3.6793,3.8752,4.2923,0.02,0.05,0.1,0.22,0.61,1.01,1.96,2.66,3.31,4.14,4.38,0.001,0,0.005992905,0.002143623,0.004704172,0.044924031,0.018539965,-0.112782435,-0.006968734,-0.003506062,-0.004183972,-0.00797255,0.005053799,-0.009744733,0.032461303,-0.06,-0.015838973,0.010607376,0.009980166,-0.013500953
Jul-11,2.99,2.94,2.73,2.37,1.12,0.42,0.703357278,1.4704843,2.250686928,2.88350814,3.565505392,4.3267582,0.15,0.17,0.228,0.457,0.731,1.177,1.948,2.08,2.9041,2.9451,3.0402,3.3113,3.4226,3.6502,3.8311,4.3182,0.04,0.05,0.11,0.18,0.44,0.74,1.6,2.28,2.96,3.83,4.15,0.003,-0.001055997,-0.00235441,0,-0.001070942,-0.013380649,0.065984058,-0.056541473,0.00935674,0.001334735,-0.001668263,-0.002101855,0,-0.024981547,0.014296673,0.01,0.012622527,0.006120048,-0.023277154,-0.018257461
Aug-11,2.75,2.99,2.77,2.34,0.99,0.41,0.680255116,1.386651755,2.203604661,2.901610208,3.666518634,4.512981052,0.12,0.163,0.236,0.43,0.696,1.145,1.888,2.04,3.3477,3.35,3.432,3.4104,3.5339,3.7102,3.8775,4.4983,0.01,0.02,0.1,0.2,0.5,0.85,1.8,2.54,3.22,4.12,4.4,0.005,0,0.014763509,0,0.000886023,0.045861225,0.040554495,0.101431753,0.002317528,0.002870627,-0.003094538,-0.036922265,-0.025060827,0.018201803,-0.027941366,-0.02,0.001725782,-0.010671726,0.010314391,-0.021474426
Sep-11,2.31,2.75,2.46,2,0.56,0.27,0.58673949,1.051922755,1.751153922,2.400537721,3.175548267,4.299854208,0.125,0.155,0.209,0.382,0.627,1.095,1.854,2.024,3.317,3.5937,3.7102,3.7158,3.7978,3.9329,4.0502,4.57,0.13,0.1,0.16,0.22,0.38,0.55,1.32,2.05,2.77,3.72,4.07,0.003,0.001057113,0.007214867,0.004278075,0.002757585,-0.017194999,0.00923108,-0.048691432,-0.003468255,0.004746548,-0.009731492,-0.013238222,0.003077947,-0.003718119,0.094820416,-0.05,-0.089273607,0.024294284,-0.035949687,-0.056791107
Oct-11,2.06,2.31,2.02,1.63,0.5,0.19,0.581854298,0.980029678,1.606516395,2.190920901,2.903765091,4.167936446,0.117,0.142,0.194,0.373,0.614,1.075,1.856,2.045,3.6284,3.8137,3.9,3.8791,3.9711,4.0233,4.0708,4.5147,0.02,0.02,0.05,0.1,0.19,0.31,0.9,1.49,2.15,3.1,3.51,0.005,0,-0.001868657,0.006389776,0.001518491,0.000605332,0.015244081,-0.011672396,0,0.006389899,0.001128474,0.000834448,0.075949577,-0.043428751,-0.044588901,-0.08,-0.028465043,-0.108261515,-0.061613008,-0.071761988
Nov-11,2.29,2.06,1.88,1.58,0.53,0.22,0.558580586,0.859807516,1.404776236,1.907826951,2.509613251,3.759849022,0.115,0.139,0.198,0.364,0.594,1.032,1.735,1.93,3.3917,3.4748,3.5999,3.7083,3.7266,3.8222,3.8605,4.4208,0.01,0.02,0.06,0.12,0.24,0.39,0.87,1.33,1.8,2.51,2.76,0.001,0.001055997,0.004099375,0,-0.002062743,0.139497652,-0.00600588,0.043763058,0.003480325,-0.000723479,-0.006058708,-0.013352452,-0.040990304,0.032851884,-0.019929177,0.05,0.033113794,-0.085721859,-0.063327582,0.107723039
Dec-11,2.35,2.29,2.03,1.69,0.57,0.29,0.531547826,0.786407149,1.371931844,1.931909081,2.564203959,3.579049778,0.114,0.143,0.204,0.381,0.597,1.032,1.781,1.977,3.0648,3.0884,3.0899,3.4385,3.5483,3.6387,3.7395,4.1983,0.01,0.01,0.05,0.13,0.23,0.38,0.9,1.45,2.01,2.73,2.99,-0.002,-0.006329088,0.005572105,0.002116402,-0.00084351,-0.094522052,0.016112777,-0.014965089,-0.003468255,0.006990559,0.002567414,0.029310814,0.042276161,-0.031897581,0.00467158,-0.05,-0.061610513,0.064068818,0.068184415,-0.005058715
Jan-12,2.35,2.35,2.09,1.69,0.58,0.31,0.468437935,0.689819966,1.275204312,1.832422428,2.427497347,3.278056242,0.121,0.135,0.204,0.393,0.654,1.082,1.807,1.99,2.5098,2.5034,2.5866,2.9659,3.1236,3.4134,3.5005,4.0808,0.02,0.01,0.05,0.12,0.27,0.41,0.97,1.55,2.11,2.82,3.12,0.003,0.001061497,0.000372967,0.003167899,-0.002466557,0.125583723,-0.019821831,-0.080528329,0.004640323,-1.15E-05,-0.008813687,-0.00386098,0.001850709,-0.011670123,-0.004849255,-0.06,0.002458828,-0.009848173,0.012500069,0.008532764
Feb-12,2.24,2.35,2.09,1.64,0.6,0.37,0.375539281,0.487124595,1.000988977,1.510173669,2.10497977,3.23924544,0.119,0.132,0.196,0.35,0.568,0.997,1.748,1.933,2.7476,2.659,2.7278,2.8657,3.0468,3.3469,3.4395,4.0842,0.01,0.02,0.06,0.12,0.27,0.4,0.89,1.41,1.97,2.67,2.98,0.015,0.002120952,0.009278098,-0.003157895,0.00440022,-0.090482319,0.020222682,0.160927161,0.009238,0.005251335,0.000729117,-0.016726922,-0.032327586,0.018975838,-0.04939021,0.04,0.041058049,-0.026619549,0.015109285,0.043583062
Mar-12,2.31,2.24,1.96,1.52,0.49,0.34,0.419831823,0.470572619,0.954380782,1.472357753,2.09831953,3.196074051,0.124,0.128,0.203,0.34,0.545,0.97,1.723,1.911,2.9182,2.7364,2.7829,2.9075,3.1131,3.3517,3.4318,4.0699,0.05,0.06,0.09,0.13,0.23,0.31,0.72,1.27,1.87,2.65,3.01,-0.001,0.002116359,-0.002712458,0.005279831,0.004402902,0.046368107,0.002972695,-0.132561421,-0.00114418,0.006083436,-0.002407501,0.053954976,-0.007079224,0.013597777,0.057311786,0.06,0.104598631,0.080495172,0.039201189,0.040589464
Apr-12,2.49,2.31,1.95,1.47,0.62,0.33,0.445590339,0.50969323,1.000979483,1.558298057,2.258153925,3.469959993,0.109,0.11,0.145,0.313,0.551,0.972,1.751,1.948,2.9651,2.9197,2.9305,3.0624,3.2025,3.4455,3.55,4.1352,0.07,0.08,0.13,0.18,0.3,0.43,0.89,1.44,2.03,2.8,3.15,0.002,0.004223882,0.007577441,0.00210084,0.007594626,-0.003856814,-0.001975923,0.061848084,-0.008018435,0.003274436,-0.000381049,0.029572539,0.007049587,0.005957776,0.04381577,-0.07,0.037057537,0.025502968,0.024268139,0.031332315
May-12,2.3,2.49,2.14,1.7,0.64,0.32,0.450622133,0.554114962,1.063873586,1.612115104,2.302573024,3.620085609,0.11,0.116,0.17,0.344,0.616,1.014,1.774,1.959,2.7662,2.7701,2.8551,2.9252,3.1436,3.4242,3.5204,4.143,0.05,0.08,0.14,0.18,0.33,0.5,1.03,1.6,2.22,3,3.35,-0.001,0.001051452,0.005367252,0.00524109,0.003021091,0.149967249,-0.001979835,0.102461856,0.00346425,-0.005190642,0.001302414,-0.030292095,-0.015591441,0.016509427,-0.055026709,0.06,-0.055800724,0.012498154,-0.009502213,-0.007497453
Jun-12,2.26,2.3,1.98,1.54,0.54,0.26,0.440205292,0.613225652,1.106472957,1.600097094,2.222516092,3.597887133,0.11,0.108,0.127,0.267,0.492,0.893,1.679,1.88,2.7624,2.778,2.845,2.9672,3.1589,3.4238,3.5449,4.2072,0.07,0.09,0.15,0.19,0.27,0.39,0.84,1.35,1.98,2.76,3.16,-0.003,-0.003151248,0.002079024,0,-0.001173522,-0.13421952,-0.004960373,-0.099346074,0.002301527,0.00727081,0.007376035,-0.017025464,0.041131313,-0.049034662,0.050801307,-0.01,-0.102738212,-0.003292364,-0.010665732,-0.062650726
Jul-12,2.26,2.26,1.9,1.43,0.53,0.28,0.324326542,0.316613997,0.684235374,1.102636895,1.678066924,3.197506802,0.104,0.1,0.101,0.218,0.438,0.836,1.624,1.81,2.1633,2.1701,2.2042,2.4178,2.8199,3.1493,3.3416,4.1056,0.03,0.07,0.12,0.17,0.25,0.34,0.62,0.93,1.47,2.13,2.53,-0.006,-0.005268648,7.30E-05,-0.003128259,-0.00146646,0.032314284,-0.017946752,0.02385092,0.008036738,0.001964129,0.000519628,0.01048335,-0.018084446,0.014466198,0.00147431,-0.06,0.054321017,-0.086632692,-0.094979036,0.039554982
Aug-12,2,2.26,1.9,1.59,0.42,0.27,0.318436223,0.400142044,0.829687819,1.284704625,1.865059252,3.257629875,0.105,0.1,0.103,0.213,0.43,0.831,1.648,1.886,2.1034,2.2187,2.347,2.5474,2.9393,3.115,3.3353,4.0943,0.06,0.1,0.15,0.21,0.3,0.39,0.67,1.04,1.61,2.3,2.69,0.001,-0.003177953,0.002314332,0.001046025,-0.001629739,-0.0390996,-0.007106288,0.114921911,-0.013667501,0.000108657,0.004028958,-0.021413357,-0.014496878,0.000408736,-0.033621121,-0.05,-0.03460956,0.060050042,0.072326285,0.012597574
Sep-12,2.07,2,1.66,1.39,0.42,0.23,0.177123174,0.165564465,0.57210243,1.021170216,1.611098392,3.119679221,0.105,0.095,0.098,0.185,0.401,0.788,1.593,1.833,2.2118,2.3108,2.3277,2.6158,2.8648,3.1065,3.2921,4.1216,0.07,0.1,0.14,0.17,0.24,0.32,0.63,1.03,1.56,2.25,2.6,0.006,0.002125355,0.006219708,0.004179728,0.005565199,0.023559895,-0.005112434,-0.097702506,0.02309478,0.002013457,-0.004608439,0.0054929,0.005406012,0.004895188,-0.026392456,-0.03,0.016658953,0.048268564,0.01279642,0.01976337
Oct-12,2.18,2.07,1.9,1.33,0.39,0.25,0.21330556,0.161503878,0.578538465,1.037158669,1.623584191,3.171622722,0.102,0.097,0.099,0.218,0.422,0.805,1.642,1.895,2.4995,2.5394,2.6775,2.9402,3.0954,3.2609,3.4001,4.1606,0.1,0.1,0.14,0.16,0.23,0.31,0.62,1.03,1.59,2.3,2.69,0.003,0.001060476,0.005726453,0.003121748,0.004462169,0.142514203,-0.012333033,-0.060197568,-0.007900676,-0.003952217,-0.010314636,-0.007232917,-0.020765856,0.02247391,-0.007275821,0.02,0.00342198,-0.01109771,0.007980297,0.024236154
Nov-12,2.09,2.18,2.01,1.44,0.41,0.29,0.282524725,0.296411036,0.698520955,1.13480577,1.710547137,3.319564963,0.1,0.1,0.103,0.198,0.401,0.765,1.648,1.892,2.7025,2.706,2.7845,3.0865,3.2033,3.4173,3.4814,4.2007,0.05,0.09,0.14,0.17,0.25,0.31,0.62,1.04,1.64,2.41,2.81,-0.001,0,-0.002034985,0.004149378,-0.000388905,-0.130814073,-0.021852186,0.035517778,-0.025028453,-0.00069679,-0.00681019,0.022087684,-0.006655967,-0.004372203,0.082906794,-0.01,0.00655342,0.013469353,0.010773807,-0.01978941
Dec-12,2.09,2.09,1.93,1.33,0.38,0.27,0.305707489,0.387686215,0.825147765,1.286618762,1.874901933,3.32874084,0.101,0.097,0.099,0.204,0.426,0.789,1.684,1.934,2.829,2.8316,2.9429,3.0753,3.2353,3.5058,3.5984,4.2049,0.06,0.09,0.15,0.18,0.3,0.38,0.73,1.16,1.75,2.5,2.89,0.001,-0.003177953,0.001287333,0.002066116,-0.004738045,0.144558386,0.003191526,-0.028705095,0.00700115,0.003128457,-0.00168218,0.03095983,0.000820143,-0.002085279,-0.022970863,-0.04,0.057986437,-0.010219565,0.007124879,0.002846717
Jan-13,2.12,2.09,1.92,1.31,0.4,0.27,0.338284357,0.437501789,0.834590245,1.251014452,1.796933381,3.267380383,0.104,0.097,0.102,0.18,0.366,0.727,1.685,1.94,2.8664,2.8274,2.8744,3.0659,3.2647,3.4562,3.5397,4.1947,0.13,0.1,0.14,0.18,0.25,0.34,0.63,1.05,1.63,2.37,2.8,0.008,0,0.007312934,0.003092784,-0.00269312,-0.106709331,-0.0074231,-0.00555856,0.008111239,0.004013614,0.000545624,0.046365814,0.002130624,0.007596127,-0.056504191,0.15,0.100483691,0.012928656,0.001589923,0.00706823
Feb-13,2.35,2.12,1.96,1.34,0.33,0.26,0.336669694,0.458346747,0.894346597,1.333383133,1.887621663,3.336800497,0.101,0.097,0.097,0.203,0.474,0.835,1.777,1.984,2.7876,2.7967,2.9189,3.136,3.2723,3.5029,3.6062,4.2035,0.07,0.08,0.12,0.15,0.27,0.37,0.76,1.25,1.86,2.63,3.04,0.01,0.00106273,0.001888989,-0.003083248,0.002957332,0.030502753,0.01388884,0.147518179,0.012643739,0.00269976,-0.002453968,0.05887628,0.010605937,-0.022590596,0.052113565,0.05,0.071521656,0.044361231,0.004525449,0.050428097
Mar-13,2.38,2.35,2.21,1.48,0.43,0.27,0.314626241,0.568533823,1.07984265,1.579964523,2.188291804,3.5653679,0.075,0.067,0.074,0.153,0.406,0.783,1.771,1.977,2.7086,2.7331,2.8064,3.1126,3.2633,3.4781,3.6004,4.2065,0.02,0.06,0.11,0.15,0.27,0.4,0.88,1.4,2.04,2.83,3.21,0.011,-0.002123203,0.010048817,0.005154639,0.008189993,0.115317636,-0.020671609,-0.144996694,-0.01362096,4.58E-05,0.001077257,0.014084628,0.000347933,-0.039891023,-0.135737811,-0.01,0.037769372,0.027922317,0.076202862,0.011060649
Apr-13,2.4,2.38,2.16,1.52,0.37,0.26,0.214243758,0.393078346,0.920280687,1.457628215,2.111733326,3.526402913,0.061,0.045,0.054,0.124,0.325,0.678,1.603,1.794,2.6962,2.734,2.7727,3.1136,3.3048,3.4744,3.5878,4.1982,0.07,0.11,0.12,0.16,0.25,0.35,0.75,1.23,1.86,2.68,3.06,-0.009,0.002127721,-0.005378026,0.003076923,0.002614511,0.010318176,0.016771563,-0.104159416,0.004603054,0.004790049,-0.001349138,0.021418567,0.003728868,0.001945595,0.130855581,-0.05,0.072542924,-0.006575229,0.00494073,0.035987724
May-13,2.11,2.4,2.19,1.54,0.54,0.26,0.172541082,0.306033434,0.756135878,1.249326267,1.90056272,3.366263109,0.06,0.055,0.069,0.137,0.283,0.565,1.44,1.586,2.6677,2.6177,2.6799,3.0744,3.2741,3.4514,3.5303,4.1885,0.06,0.08,0.11,0.14,0.23,0.36,0.76,1.23,1.86,2.7,3.08,0.002,0.0031847,-0.014831497,0.00204499,-0.001039615,-0.169038579,0.009278378,0.257935023,0.011454798,0.004109625,-0.008459584,0.038014415,-0.005890838,0.019553718,0.104444166,-0.03,0.117999742,0.011647041,0.005195497,0.018085768
Jun-13,2.59,2.11,1.91,1.38,0.46,0.26,0.211056833,0.324645338,0.734285281,1.187773779,1.792229673,3.227277252,0.115,0.115,0.143,0.235,0.361,0.591,1.468,1.611,2.6134,2.7333,2.7768,2.9801,3.1471,3.3302,3.4119,4.1698,0.03,0.06,0.08,0.11,0.2,0.3,0.65,1.07,1.66,2.44,2.83,-0.006,0.001058127,0.003552599,0.002040816,0.001780397,0.03654953,0.002042884,-0.017751547,-0.001132518,-0.001140573,-0.007185493,0.033066297,0.02075227,-0.017117296,0.001931408,0.06,-0.00622763,0.028664462,0.006168372,0.020762812
Jul-13,3,2.59,2.43,1.85,0.98,0.26,0.307761301,0.53478501,1.023706179,1.525663068,2.163397103,3.504161686,0.11,0.129,0.161,0.314,0.548,0.809,1.586,1.728,2.762,2.8177,2.8714,3.0813,3.1704,3.3651,3.4478,4.1203,0.03,0.05,0.08,0.14,0.3,0.5,1.03,1.53,2.13,2.92,3.27,0,0,0.002041926,-0.00203666,0.002399728,-0.028772401,0.015290497,-0.001082944,0.003401298,0.000918536,0.00109461,-0.017012869,0.007465057,-0.001627153,-0.06745493,-0.14,-0.007057929,-0.032715238,0.011444223,-0.014999302
Aug-13,3.17,3,2.89,2.56,1.2,0.28,0.279079613,0.728558152,1.398042583,1.976832379,2.61706519,3.711949377,0.105,0.138,0.164,0.334,0.614,0.879,1.732,1.876,3.9601,3.5667,3.4706,3.2334,3.2911,3.3861,3.5245,4.1296,0.01,0.04,0.09,0.15,0.34,0.65,1.39,1.93,2.5,3.19,3.48,0.001,0.002114226,0.002795527,0,0.000393939,0.069743034,-0.010040179,0.036230533,0.011299479,0.001874696,-0.000962857,-0.013725076,0.001150875,0.002484171,0.082897086,0.01,-0.000658024,-0.045623321,-0.0333082,0.04946208
Sep-13,3.5,3.17,2.99,2.46,0.88,0.28,0.258865803,0.600232817,1.252087748,1.858462803,2.558127458,3.691728344,0.1,0.119,0.142,0.292,0.516,0.797,1.703,1.826,3.3906,3.4,3.4347,3.5252,3.6135,3.6402,3.7053,4.1605,0.02,0.04,0.08,0.13,0.35,0.65,1.49,2.15,2.74,3.48,3.77,0.005,0.003164544,0.008056858,0.004081633,0.001202963,0.110244815,0.015213163,-0.025975341,0,-0.00319021,-0.00199291,0.001367154,0.003102216,0.017651837,-0.067134532,0.05,-0.020445816,0.032589074,0.059323566,-0.031298019
Oct-13,3.06,3.5,3.2,2.74,1.13,0.28,0.302402284,0.829383057,1.569524149,2.178097664,2.829326623,3.717039177,0.1,0.116,0.14,0.274,0.488,0.756,1.666,1.792,3.6269,3.6261,3.6173,3.8518,3.9187,3.9953,4.0356,4.3544,0.03,0.02,0.05,0.14,0.43,0.83,1.68,2.31,2.86,3.54,3.79,0.008,0.003154561,0.00148909,0.00304878,0.001163008,-0.159138658,0.002996878,-0.054664311,-0.005586667,0.005864037,6.55E-05,-0.003290871,-0.013343799,0.042410946,0.031830774,0.04,0.079688594,-0.05783325,-0.02630807,0.029749523
Nov-13,3.02,3.06,2.86,2.36,0.88,0.29,0.317376751,0.85536585,1.555241471,2.132360246,2.75912269,3.637496319,0.095,0.108,0.134,0.242,0.407,0.662,1.563,1.698,3.5477,3.4009,3.5451,3.7928,3.88,3.9867,3.9903,4.6949,0.1,0.02,0.04,0.1,0.33,0.66,1.42,2.04,2.66,3.43,3.72,0.001,0.001048145,0.001567794,0.001013171,-0.002575262,0.057918284,0.007968461,0.092632865,0.013483221,0.005358527,-0.004271756,0.006951056,-0.013611774,-0.008830516,0.0847283,-0.02,-0.00884485,0.041162148,-0.007097856,0.044595753
Dec-13,3.23,3.02,2.73,2.25,0.71,0.28,0.312859085,0.827358548,1.516106036,2.088080968,2.704520218,3.599694572,0.09,0.097,0.129,0.195,0.342,0.603,1.526,1.666,3.7934,3.8047,3.9422,3.9952,4.0533,4.1102,4.1556,4.7257,0.03,0.04,0.08,0.1,0.33,0.61,1.37,2.03,2.65,3.4,3.69,-0.001,0,0.007069279,0,-0.00204241,-0.037442298,0.002964303,-0.03647464,-0.005543311,-0.001187608,-9.86E-05,0.039824539,0.012584181,0.021394409,-0.118467678,0.04,0.093099891,0.006192048,0.042527798,0.028049472
Jan-14,3.09,3.23,2.96,2.44,0.64,0.28,0.347743324,0.89994117,1.636390209,2.238902234,2.877573931,3.72325252,0.08,0.082,0.107,0.186,0.364,0.622,1.519,1.674,4.3698,4.165,4.0385,4.3716,4.3517,4.4754,4.4812,4.9944,0.02,0.05,0.1,0.13,0.3,0.59,1.43,2.16,2.81,3.58,3.86,0.003,0.001047253,-0.003168873,0.004048583,-8.58E-05,0.064783273,0.003941051,-0.020018568,0.001114948,0.002459919,-0.005161757,0.024445944,0.009149394,0.007703577,-0.01190796,-0.05,0.040189291,-0.003886043,-0.020700131,0.023562792
Feb-14,3.1,3.09,3.03,2.59,1.14,0.31,0.373748068,1.181448135,1.996339532,2.585224664,3.157088199,3.756724324,0.08,0.091,0.124,0.229,0.459,0.725,1.572,1.718,4.6113,4.1864,4.2251,4.4538,4.5068,4.6111,4.6018,5.1435,0.01,0.07,0.09,0.13,0.39,0.76,1.72,2.41,3,3.68,3.92,0.01,-0.001046158,0.001026116,-0.005040323,0.003720283,0.019130504,0,0.143134585,0,0.002112565,-0.000132192,-0.020736797,0.005990623,0.000197634,0.047694854,-0.04,-0.084510045,-0.004424918,0.023313466,-0.035582906
Mar-14,3.17,3.1,2.84,2.44,1.55,0.34,0.348964676,1.053906586,1.783848726,2.311965216,2.83466455,3.637055031,0.084,0.082,0.113,0.194,0.354,0.622,1.468,1.634,3.5673,3.4501,3.5653,3.9405,4.1888,4.4048,4.4781,5.0448,0.04,0.05,0.07,0.11,0.3,0.64,1.44,2.07,2.61,3.29,3.55,0.005,0,-0.000221092,0.004052685,0.003697881,0.008688788,0.016682978,-0.167851075,0.002227095,-0.003772712,0.011138655,-0.006306098,-0.007955624,0.011734485,-0.097462566,0.01,-0.004925395,-0.057864646,-0.041995291,0.04311703
Apr-14,3.16,3.17,2.86,2.43,1.43,0.31,0.34133716,1.074025745,1.800220348,2.329734479,2.856095494,3.629082037,0.07,0.072,0.099,0.177,0.325,0.589,1.45,1.635,3.1718,3.2211,3.3075,3.7573,4.1278,4.3046,4.4576,5.0327,0.04,0.05,0.08,0.12,0.32,0.66,1.46,2.07,2.6,3.27,3.55,-0.005,0.002094301,0.002663745,0.002018163,0.006439954,0.00594238,-0.006756796,-0.021511534,0.005555524,0.007593065,0.013696391,0.007629018,-0.004057164,-0.002879227,0.155622208,-0.01,-0.000892135,0.032270683,0.037535225,0.006932166
May-14,3,3.16,2.86,2.49,1.54,0.34,0.391259475,1.185766856,1.874836287,2.367862485,2.868698819,3.633547695,0.075,0.082,0.109,0.193,0.349,0.617,1.471,1.671,2.9125,2.8483,3.0892,3.863,4.1619,4.3539,4.4954,5.0568,0.02,0.04,0.06,0.13,0.44,0.91,1.74,2.32,2.77,3.35,3.6,-0.003,0.020898729,-0.004080241,0.003021148,0.003296771,-0.034683696,0.013605522,0.247884887,-0.007734701,0.010107766,0.0074006,-0.003158715,-0.003184309,0.010834587,0.007324956,0,-0.035320052,0.035967961,-0.008309048,0.006200789
Jun-14,2.92,3,2.76,2.38,1.4,0.35,0.364485916,1.199898629,1.861804906,2.325359582,2.807751666,3.576173963,0.08,0.085,0.106,0.196,0.351,0.624,1.485,1.703,3.0979,3.3355,3.5562,3.9435,4.0806,4.2408,4.2902,4.8554,0.02,0.03,0.05,0.1,0.41,0.86,1.66,2.21,2.63,3.16,3.41,0.001,0.004094082,0.003362123,0,0.00349219,0.09949708,-0.043145174,-0.077932406,0.004454297,0.00064626,5.41E-05,-0.007127354,-0.000553657,-0.003871198,-0.045529641,0.01,0.022949315,0.016892188,0.023488526,0.02103028
Jul-14,2.99,2.92,2.63,2.25,1.31,0.34,0.383335337,1.183128537,1.803756396,2.241419742,2.702867137,3.510235991,0.082,0.087,0.1,0.185,0.329,0.598,1.465,1.699,2.8737,3.0791,3.3139,3.7859,3.8628,3.9821,4.0214,4.5228,0.04,0.04,0.06,0.1,0.39,0.83,1.6,2.12,2.54,3.1,3.38,-0.001,-0.001019297,-0.001685461,0.002008032,0.00186306,0.066136859,0.021042515,-0.069647616,-0.005543311,0.004092978,-0.006391677,-0.003829721,-0.003893687,0.016403606,-0.037471577,0,0.036201884,0.015277244,0.008111478,0.019058332
Aug-14,2.94,2.99,2.91,2.28,1.14,0.34,0.567655087,1.419912015,1.999238636,2.394932552,2.812023007,3.535561034,0.065,0.067,0.086,0.163,0.281,0.554,1.431,1.676,3.1716,3.1871,3.405,3.8068,3.8528,4.0213,4.0812,4.6011,0.03,0.02,0.06,0.11,0.47,0.9,1.66,2.17,2.58,3.13,3.4,0.001,0.001020337,-0.002964586,-0.002004008,-0.000390813,-0.067672007,-0.01275838,0.064224763,0.003344527,0.003317661,-0.007570267,0.013771231,-0.004040937,-0.007271327,0.035196732,0.07,0.030251082,-0.018048355,-0.00891304,-0.015079831
Sep-14,2.75,2.94,2.88,2.49,1.27,0.34,0.592485565,1.430755856,1.988577057,2.368456598,2.759819571,3.395985323,0.048,0.067,0.089,0.149,0.274,0.543,1.411,1.685,3.6132,3.7548,3.7231,3.9323,3.9957,4.1672,4.2569,4.7656,0.01,0.03,0.05,0.13,0.47,0.94,1.67,2.16,2.52,3.03,3.29,0.002,0.002039195,0.005331963,0.003012048,-0.001670311,-0.101802437,-0.001987658,-0.00751569,0.010000028,0.002121867,-0.004560578,0.012427072,0.003205695,-0.018880354,-0.039094158,0.01,-0.0125589,0.031388005,-0.018189248,0.037655295
Oct-14,2.95,2.75,2.65,2.28,1.29,0.34,0.479637254,1.218132445,1.702406826,2.034947411,2.391601435,3.046960708,0.054,0.072,0.09,0.163,0.263,0.509,1.355,1.641,3.4881,3.8291,3.8041,3.9533,3.9725,4.1656,4.2405,4.7652,0.02,0.03,0.05,0.1,0.53,0.99,1.69,2.11,2.42,2.91,3.17,0.005,0.002034446,-0.001894889,0.001001001,0.000752349,0.188948775,-0.00896417,-0.04380408,-0.005500519,-0.001557123,0.001076075,0.050634887,0.02051816,-0.021017546,0.072762681,0.07,0.048554269,-0.009056877,0.021878434,-0.015513837
Nov-14,2.82,2.95,2.84,2.47,1.65,0.36,0.513981674,1.272163455,1.780984697,2.118363152,2.468205086,3.155823614,0.05,0.07,0.086,0.159,0.27,0.527,1.366,1.637,3.686,3.7884,3.7408,3.8206,3.9098,3.9628,3.993,4.6234,0.01,0.02,0.04,0.1,0.53,1,1.69,2.12,2.42,2.87,3.12,0,-0.003045971,-0.00299338,0.001,-0.002512253,-0.138326183,0.011054885,0.040197694,0.008849466,0.003130896,-0.005781759,-0.001618082,0.00241707,-0.014848974,0.030991137,0.02,0.014853924,-0.015098985,-0.039234848,0.023201461
Dec-14,2.69,2.82,2.68,2.28,1.47,0.37,0.416186514,1.059793875,1.564711768,1.923666958,2.305359428,3.093817794,0.013,0.02,0.035,0.114,0.206,0.449,1.214,1.473,3.3504,3.3043,3.2953,3.3772,3.5101,3.6717,3.7007,4.1997,0.03,0.02,0.07,0.12,0.52,0.96,1.63,2.05,2.36,2.8,3.07,-0.002,-0.003054977,0.001873961,-0.001998002,-0.005399224,-0.032617168,0,-0.022059822,0,0.000112658,0.00802146,0.08802065,0.023290406,-0.024246579,-0.088216117,0.11,0.063732494,0.00819524,-0.010606144,0.024533589
Jan-15,2.83,2.69,2.53,2.17,1.42,0.41,0.395141992,0.853415508,1.300331115,1.628578402,1.985303906,2.784496208,0.01,0.007,0.015,0.102,0.196,0.436,1.202,1.415,3.1095,3.0329,3.0243,3.2689,3.3946,3.4497,3.5145,4.0123,0.01,0.03,0.08,0.13,0.49,0.9,1.52,1.93,2.22,2.66,2.95,0.003,0,-0.001136352,0,-0.005670117,0.083666233,0,-0.041968396,0.003289518,0.006320887,0.006261998,0.005318735,0.010894346,-0.002818155,0.083974431,0.21,-0.000520055,0.004497332,0.02595573,-0.004188588
Feb-15,2.28,2.83,2.66,2.33,1.64,0.72,0.306755587,0.770720458,1.19869008,1.498805134,1.819632285,2.60771681,-0.017,-0.027,-0.019,0.022,0.093,0.326,1.06,1.272,3.3351,3.2039,3.2537,3.3759,3.5221,3.5931,3.6285,4.127,0.02,0.02,0.11,0.25,0.66,1.07,1.61,1.92,2.12,2.41,2.69,0.003,-0.00102148,-0.002154478,-0.007007007,-0.004705879,0.019923751,-0.003975317,0.14459417,0.015300544,-5.55E-05,0.007913437,-0.01680928,0.025164606,-0.032053979,0.016103797,-0.01,0.012814397,0.019648238,-0.013562948,-0.031040806
Mar-15,2.71,2.28,2.21,1.87,1.37,0.73,0.287759323,0.597163601,0.908572292,1.132864174,1.386690971,2.137846805,0.01,0.01,0.029,0.056,0.093,0.293,1.045,1.295,3.1947,3.1368,3.0832,3.2044,3.3753,3.4036,3.4729,3.9636,0.01,0.02,0.07,0.17,0.49,0.78,1.19,1.49,1.68,2.07,2.25,0.012,-0.002044948,0.000978671,0.003024194,0.004343052,-0.144475997,0.024949386,-0.134471955,-0.006458542,-0.007821497,0.004329595,0.018452355,0.006352471,0.024422694,-0.208786201,0.03,0.063569311,0.015653046,0.032966347,0.054892511
Apr-15,2.69,2.71,2.56,2.26,1.67,0.82,0.351478141,0.855769445,1.281112608,1.565234053,1.856716552,2.584409426,0.01,0.015,0.015,0.07,0.116,0.354,1.177,1.448,3.0811,3.0231,3.0488,3.1428,3.233,3.2745,3.3883,3.9341,0.02,0.02,0.08,0.22,0.66,1.06,1.57,1.89,2.08,2.46,2.68,-0.005,0.003073758,0.002398928,0.001005025,0.005951628,0.003832719,-0.028237362,-0.073349097,0.011917613,-0.006541007,-0.01141046,0.003308671,0.009216576,-0.040739601,0.323860109,0.13,0.021760405,-0.00568449,0.023308343,-0.017396107
May-15,2.75,2.69,2.48,2.2,1.75,1.06,0.29615038,0.669579404,1.085104283,1.370505832,1.660537473,2.417594556,0.025,0.025,0.042,0.107,0.151,0.378,1.124,1.365,3.2267,3.1127,3.2186,3.2917,3.4525,3.5475,3.5997,4.1795,0.02,0.03,0.12,0.27,0.55,0.86,1.32,1.65,1.87,2.23,2.47,-0.002,0.0051076,-0.006234351,0.003012048,0.002032902,0.126889677,-0.005009979,0.155863629,0.011777358,-0.003204638,-0.001016703,-0.008690717,-0.039621736,0.041714188,-0.067457449,0.19,0.016297167,0.012670797,-0.018894511,0.00852082
Jun-15,2.86,2.75,2.56,2.3,1.61,0.99,0.375236161,0.843113293,1.301743755,1.621087739,1.944701596,2.640263423,0,0.002,0.014,0.096,0.162,0.37,1.134,1.384,2.6244,2.7659,2.7296,3.1421,3.2656,3.3516,3.3804,4.1519,0,0.01,0.05,0.25,0.6,0.97,1.5,1.87,2.12,2.57,2.82,-0.002,0.003048567,0.004553319,0.002002002,0.00509759,-0.108461864,0.004028165,-0.060504336,0.005291377,-0.005695745,0.000161546,0.040766571,0.0204579,-0.006985219,-0.090820615,0.04,0.053439554,0.01035097,0.025912328,0.010491382
Jul-15,3.04,2.86,2.71,2.46,1.75,0.98,0.398805513,0.809479856,1.263025129,1.584304817,1.91776558,2.620714525,-0.005,-0.007,-0.004,0.096,0.171,0.412,1.218,1.491,2.0238,2.0627,1.9947,2.924,3.3434,3.6243,3.6404,4.0321,0.02,0.02,0.07,0.26,0.64,0.99,1.55,1.93,2.19,2.69,2.94,0,-0.003039302,-0.001087843,0,0.003502355,0.028433779,0,0.006685966,0.004209781,-0.004553304,0.001227549,-0.009287692,-0.001023526,0.026948711,0.072955101,-0.07,-0.015922654,-0.040758607,-0.004633586,-0.021011672
Aug-15,2.93,3.04,2.92,2.66,1.99,0.95,0.439561902,0.956898291,1.456744646,1.804759354,2.155196079,2.827332262,0.005,-0.003,0.017,0.118,0.233,0.471,1.225,1.471,1.9684,1.8573,1.7378,2.8917,3.1678,3.5464,3.6127,4.0628,0.01,0.01,0.13,0.28,0.69,1.08,1.7,2.14,2.43,2.92,3.2,0.003,-0.001016189,-0.003559508,-0.000999001,6.75E-05,0.01132718,0.008024408,0.048548362,0.001049029,-0.003025331,0.000145189,0.011420894,0.020506348,-0.008114071,0.061023525,-0.14,0.017271912,-0.0028766,-0.049613293,0.01974203
Sep-15,3.16,2.93,2.87,2.6,2,0.95,0.47332613,0.946646889,1.389227636,1.694529081,2.007446955,2.65877659,0.004,0.005,0.017,0.096,0.176,0.42,1.186,1.442,2.2003,2.2314,2.3038,2.8888,3.2048,3.4613,3.47,3.9329,0.03,0.08,0.17,0.33,0.68,0.99,1.52,1.89,2.16,2.55,2.86,0.005,0.001017223,0.000941124,0.003,-0.001416218,-0.006970915,-0.000995315,-0.042031946,-0.002094864,0.006241008,0.028840105,-0.022422629,0.025114222,-0.011933905,-0.072938388,-0.12,-0.08232888,-0.041532328,0.012109996,-0.062580818
Oct-15,2.85,3.16,3.15,2.83,2.14,0.98,0.44814829,0.903690422,1.345439025,1.651333589,1.966852494,2.680689431,0.004,0.007,0.01,0.074,0.14,0.381,1.164,1.426,2.2549,2.2829,2.2628,2.9348,3.1178,3.3149,3.3002,3.8014,0.01,0.03,0.26,0.39,0.7,1.03,1.49,1.89,2.17,2.62,2.93,0.001,0.001016189,1.01E-05,-0.000997009,-0.001557464,0.000684669,-0.015936324,-0.029885608,0.005246661,-0.001592457,-0.003903739,-0.011781777,0.013086924,-0.016870475,0.02258801,-0.05,-0.079528421,-0.097100029,-0.094201793,-0.026442832
Nov-15,2.84,2.85,2.84,2.54,1.99,1.34,0.41869184,0.772731906,1.184042449,1.476513644,1.791862585,2.612650093,0.005,0.007,0.011,0.052,0.095,0.329,1.115,1.379,2.1806,2.3177,2.4031,2.9041,3.0433,3.2474,3.2409,3.8756,0,0,0.08,0.31,0.64,0.92,1.37,1.75,2.05,2.49,2.85,-0.003,0,-0.004296749,0.000998004,-0.000449241,0.251080596,0.017206845,0.022731201,-0.001043657,-0.002907371,-0.005490431,0.006401276,-0.017324236,0.017881706,0.052915421,0.11,0.097477258,-0.028070224,0.002299234,0.082983118
Dec-15,2.83,2.84,2.82,2.53,1.91,1.29,0.460585718,0.846156001,1.285276986,1.605294332,1.945741679,2.754547367,-0.001,0.002,0.012,0.043,0.092,0.316,1.089,1.363,2.3254,2.3774,2.4032,2.7159,2.9032,3.055,3.0525,3.7512,0.01,0.08,0.27,0.37,0.77,1.08,1.57,1.93,2.2,2.6,2.95,0,-0.004061229,0.002000264,0,-0.002110689,0.004068142,0.00099432,0.009549565,0.008358972,-0.004606003,0.010490106,0.018260748,0.00734272,-0.025280316,-0.075813079,0.02,0.034814632,0.061587879,0.04764618,0.000504869
Jan-16,2.91,2.83,2.78,2.5,1.96,1.09,0.424052756,0.831467586,1.239906931,1.540080208,1.874132667,2.679342687,-0.015,-0.012,-0.001,0.04,0.09,0.315,1.086,1.382,2.5743,2.5829,2.5754,2.7925,2.8884,3.05,3.0504,3.8273,0.19,0.21,0.42,0.51,0.91,1.19,1.59,1.93,2.15,2.55,2.91,0.005,0,9.12E-05,0.000997009,-0.0034172,-0.13503093,-0.00596387,-0.037167253,-0.013471098,-0.007474996,0.015066562,-0.019376414,0.00104738,-0.014611392,0.0752692,0.03,-0.036144364,-0.035015348,0.005320821,-0.017530185
Feb-16,2.63,2.91,2.86,2.57,1.92,1.05,0.368367077,0.953286865,1.375207936,1.676000989,2.009682998,2.802443139,-0.042,-0.028,-0.014,0.026,0.059,0.264,0.986,1.282,2.3002,2.3166,2.3479,2.5697,2.7488,2.8701,2.871,3.6246,0.17,0.22,0.49,0.61,1.02,1.31,1.73,2.06,2.24,2.64,2.98,0.005,-0.004077389,-0.002198737,-0.00498008,0.001653132,-0.038900111,-0.018999946,0.037384803,-0.004201637,-0.005020185,0.019441153,0.00738895,0.006970513,-0.038678175,-0.093457546,-0.23,-0.079617168,-0.011946653,-0.023974107,-0.050735322
Mar-16,2.7,2.63,2.58,2.22,1.87,1.09,0.244401394,0.55807807,0.957343548,1.273792359,1.635541824,2.493798742,-0.141,-0.16,-0.139,-0.11,-0.076,0.068,0.787,1.057,2.2305,2.2928,2.3109,2.5813,2.7257,2.8546,2.8368,3.5339,0.19,0.35,0.47,0.47,0.81,1.01,1.38,1.72,1.97,2.38,2.77,0.016,0.00102347,-0.001025631,0.002002002,0.000823451,0.087679416,0.022425811,-0.005639098,0.005274031,0.005223439,-0.011623982,-0.063293162,-0.010930995,-0.026961196,-0.032611459,-0.02,-0.085141877,-0.082356301,-0.02919107,-0.00412836
Apr-16,2.34,2.7,2.64,2.23,1.81,1.05,0.247750053,0.376114354,0.690875157,1.001080286,1.409562574,2.446171562,-0.188,-0.236,-0.252,-0.224,-0.216,-0.049,0.518,0.838,2.1141,2.1931,2.2086,2.5295,2.6202,2.8598,2.8527,3.4903,0.29,0.33,0.5,0.68,0.85,0.98,1.31,1.62,1.83,2.28,2.7,-0.004,0.001022524,0.000416773,0.002997003,0.004305291,0.001378073,-0.007975809,-0.115311909,-0.005246362,-0.005451704,-0.011530687,-0.011384893,-0.040970458,0.036940717,0.108192886,0.12,0.045668006,0.030733051,0.015309978,0.065991115
May-16,2.45,2.34,2.25,1.85,1.46,0.95,0.317599136,0.478071758,0.806350508,1.113861209,1.504136742,2.425080872,-0.157,-0.214,-0.233,-0.214,-0.203,-0.065,0.373,0.43,2.0008,2.0767,2.0964,2.3083,2.4716,2.7777,2.8422,3.3176,0.2,0.23,0.4,0.62,0.76,0.9,1.24,1.56,1.79,2.2,2.62,-0.002,0.002042859,-0.000518208,0.001992032,0.004741695,-0.069786828,0.004020068,0.204706299,0,-0.00730841,0.001394246,-0.053539319,-0.004656206,0.016911773,-0.00435459,-0.02,-0.00552664,0.050738334,-0.001110049,0.002699398
Jun-16,2.53,2.45,2.38,2,1.61,0.98,0.377009318,0.613297101,0.968387648,1.294285679,1.694744736,2.535719076,-0.248,-0.244,-0.247,-0.227,-0.224,-0.112,0.248,0.304,2.2098,2.2011,2.2752,2.5754,2.7092,2.9495,2.889,3.4801,0.11,0.22,0.41,0.55,0.8,0.96,1.32,1.64,1.88,2.31,2.71,-0.005,0.001019397,-0.006516546,0.001988072,0.004045695,0.136568979,-0.00700705,-0.036738706,0.026371359,0.002812907,0.016893303,0.042228539,0.025595456,0.001229382,-0.017735026,-0.01,0.034137043,-0.002586491,0.015593755,0.015324602
Jul-16,2.18,2.53,2.48,2.22,1.74,0.91,0.308145148,0.563811114,0.904445208,1.192757094,1.547399529,2.3600372,-0.266,-0.242,-0.25,-0.24,-0.246,-0.111,0.26,0.34,2.1902,2.216,2.3438,2.6019,2.7519,2.9858,2.9952,3.5461,0.27,0.3,0.49,0.7,0.91,1.07,1.39,1.67,1.85,2.22,2.63,-0.001,-0.001018359,0.007418853,0.001984127,0.003284489,-0.010252461,-0.005040181,-0.021274849,-0.015416443,-0.002184469,0.008138987,-0.072743865,-0.023701631,-0.079892341,0.024516181,0,-0.096261237,-0.007349175,-0.008003986,0.000910921
Aug-16,2.17,2.18,2.1,1.83,1.41,0.87,0.111306134,0.153761325,0.39588558,0.660407211,1.026317119,1.869295311,-0.351,-0.329,-0.336,-0.361,-0.367,-0.262,0.043,0.103,2.1951,2.2692,2.3611,2.5293,2.6556,2.8102,2.8038,3.5248,0.24,0.28,0.37,0.45,0.59,0.71,1,1.27,1.46,1.81,2.24,0.002,-0.002038694,-0.002803482,-0.000990099,-0.001618675,-0.041676464,0.005065713,0.05563744,-0.0093945,0.00484157,0.002338987,-0.00433944,-0.003223075,-0.018529108,-0.033932848,0.02,0.063774699,0.02000688,0.062323056,0.035609801
Sep-16,2.14,2.17,2.05,1.77,1.39,0.88,0.052720658,0.094549321,0.275186499,0.484707177,0.799762884,1.67897379,-0.266,-0.237,-0.241,-0.233,-0.257,-0.136,0.214,0.286,2.1465,2.1966,2.2368,2.4782,2.5831,2.7802,2.783,3.3433,0.2,0.29,0.4,0.5,0.67,0.78,1.06,1.33,1.51,1.84,2.24,0.001,0,0.004930072,0.002973241,0.000918999,0.082415026,0.005040383,-0.083581175,0,0.001099059,0.005735965,0.005237804,0.015675756,-0.009504151,0.02703653,0.04,0.019200053,0.016213634,0.017653238,-0.001219243
Oct-16,2.15,2.14,2.06,1.78,1.33,0.79,0.107142712,0.104439171,0.218201157,0.385582549,0.661459976,1.364654427,-0.221,-0.187,-0.179,-0.166,-0.17,-0.047,0.358,0.433,2.0012,2.0526,2.113,2.4137,2.5622,2.7858,2.7452,3.3142,0.27,0.33,0.47,0.6,0.78,0.91,1.18,1.44,1.57,1.9,2.23,0.007,0.00102148,9.12E-05,0.002964427,0.002403146,-0.135647773,0.009026707,0.013191958,-0.00421492,-0.00081553,-0.001751392,-0.016224667,0.001012294,-0.009722918,-0.007485366,-0.03,-0.025910474,-0.026291953,0.007771196,-0.001234451
Nov-16,2.34,2.15,2.06,1.81,1.35,0.79,0.10031675,0.10386473,0.259050681,0.468347112,0.79683164,1.62153092,-0.313,-0.281,-0.274,-0.236,-0.225,-0.073,0.356,0.454,2.0574,2.0799,2.1508,2.4138,2.5447,2.7249,2.7047,3.1768,0.25,0.32,0.48,0.63,0.8,0.91,1.18,1.46,1.63,2.01,2.34,-0.001,0.006122624,-0.002868263,0.000985222,0.001246797,0.046420951,0.003976311,0.092204998,0.001058215,-0.000970139,0.017199754,0.033261249,0.019162844,-0.057659078,-0.012431075,0.03,0.059282017,0.019304306,0.035213616,-0.019425679
Dec-16,2.8,2.34,2.24,1.93,1.35,0.92,0.165363792,0.347492011,0.634101373,0.920562371,1.287735922,1.982321092,-0.311,-0.249,-0.237,-0.198,-0.177,-0.048,0.384,0.505,1.997,2.0709,2.1741,2.3516,2.4519,2.7035,2.7375,3.1444,0.24,0.35,0.5,0.65,0.83,0.99,1.3,1.61,1.83,2.24,2.58,0.001,0,0.003211937,0.001968504,-0.001555085,-0.034091682,0.000990388,-0.052665159,-0.022198827,0.000735903,0.01679099,0.075598899,0.024454079,0.022610548,0.077710736,0.05,0.050700714,-0.019907066,-0.009505235,0.034174522
Jan-17,2.75,2.8,2.72,2.35,1.74,0.95,0.04448349,0.286890117,0.674710873,1.039756162,1.476462431,2.137154198,-0.271,-0.174,-0.151,-0.099,-0.058,0.029,0.48,0.586,2.4006,2.3527,2.327,2.6437,2.7839,2.9662,2.9893,3.3778,0.32,0.48,0.6,0.82,1.14,1.45,1.9,2.25,2.45,2.82,3.1,0.002,-0.002028256,0.001570431,0.003929273,0.000327018,0.078340358,0.009891116,0.062398828,0.016216229,-0.00391968,0.006741769,0.039299351,0.015455018,-0.01217961,0.009382859,-0.05,0.044017234,0.040832501,-0.02373958,0.018200762
Feb-17,2.66,2.75,2.76,2.49,1.87,1.13,-0.029262447,0.189005962,0.549508921,0.887064511,1.295547292,1.972813402,-0.297,-0.193,-0.151,-0.109,-0.042,0.064,0.598,0.729,2.6294,2.7152,2.7484,2.8265,2.8877,3.0364,3.1054,3.6226,0.52,0.53,0.65,0.89,1.22,1.5,1.94,2.26,2.45,2.78,3.04,0.01,-0.002032877,0.00173994,-0.003913894,0.005828434,-0.029686271,-0.005876348,0.137164402,0.021276175,0.006977471,-0.009087243,-0.027718342,-0.01837849,0.012962681,-0.078116769,0.02,-0.003820649,-0.010110702,0.0577379,0.017884358
Mar-17,2.45,2.66,2.58,2.3,1.73,1.04,0.057288589,0.339375234,0.713358779,1.063342215,1.48582787,2.144607968,-0.301,-0.227,-0.163,-0.1,-0.005,0.096,0.667,0.813,2.5921,2.6634,2.7402,2.8551,3.0791,3.3119,3.4214,3.7808,0.5,0.51,0.65,0.83,1.22,1.49,1.93,2.27,2.48,2.8,3.08,-0.002,-0.001018359,-3.03E-05,0.00589391,0.003145728,0.06299762,-0.007882102,-0.155173257,-0.009374339,-0.002349776,-0.001540541,-0.007963035,-0.01051253,-0.0048512,-0.052602712,0.03,0.00407799,0.058130991,-0.004925219,0.03719816
Apr-17,2.43,2.45,2.47,2.35,1.65,1.01,0.02830191,0.135052466,0.419576729,0.726968857,1.130317826,1.907784883,-0.268,-0.259,-0.181,-0.128,-0.057,0.069,0.653,0.815,2.6104,2.6412,2.7144,2.8894,3.019,3.1928,3.3252,3.8013,0.46,0.63,0.79,0.92,1.29,1.57,1.99,2.29,2.46,2.81,3.06,-0.003,0,0.000414045,0.002929687,0.000812425,-0.004674486,0.006951384,-0.063300957,-0.008412408,-0.00370956,0.002751052,-0.008594634,-0.005742628,0.003144052,0.211905798,-0.01,-0.010969746,0.018021249,0.03872588,-0.000389197
May-17,2.4,2.43,2.37,2.23,1.75,1.02,0.081585375,0.165202044,0.438376963,0.739869981,1.134269026,1.878761067,-0.223,-0.175,-0.153,-0.108,-0.049,0.072,0.64,0.842,2.8771,2.8788,2.9125,3.003,3.0844,3.2173,3.273,3.7506,0.73,0.79,0.92,1.02,1.24,1.47,1.88,2.16,2.35,2.71,2.98,0.001,0.004077789,-0.003048534,0.004868549,0.002966104,-0.045581783,0.000986481,0.216392916,-0.008483576,0.006442058,0.003353172,-0.004240615,-0.000257656,0.036312144,-0.136110284,-0.02,0.015203158,0.020731594,-0.013573257,0.009091209
Jun-17,2.32,2.4,2.3,2.14,1.6,1.04,0.022102408,0.126370085,0.406206008,0.708511175,1.106688161,1.87730333,-0.205,-0.207,-0.192,-0.163,-0.115,0.016,0.567,0.789,2.9548,3.1263,3.2422,3.3052,3.3718,3.4899,3.487,3.8952,0.67,0.83,0.98,1.09,1.28,1.48,1.84,2.13,2.33,2.71,3,-0.001,0.001015158,0.003402118,0.002906977,0.000854922,-0.008061267,0.02265981,-0.075877344,0.004278132,0.009507704,-0.008145137,-0.004159898,-0.008053835,-0.009478339,0.116413106,-0.01,0.023640997,0.007403898,-0.010813312,0.011576251
Jul-17,2.44,2.32,2.22,2.08,1.56,1.03,0.107863332,0.139188568,0.389763263,0.678130079,1.06691856,1.842226533,-0.161,-0.16,-0.14,-0.116,-0.075,0.049,0.586,0.814,3.2092,3.3796,3.4818,3.5772,3.571,3.6593,3.6152,4.0009,0.82,0.98,1.07,1.16,1.28,1.45,1.76,2.02,2.21,2.6,2.87,-0.002,-0.001014128,-0.001432925,0,0.000906489,-0.041079051,-0.015413941,-0.036930756,0.004259807,0.001203913,-0.010224919,0.010555906,-0.005196305,0.015782628,-0.037906137,0.02,0.019483372,0.007738757,0.047172797,0.004813775
Aug-17,2.39,2.44,2.33,2.15,1.54,1.07,0.29544682,0.38404338,0.635198322,0.91753932,1.297147783,2.007646584,-0.122,-0.121,-0.098,-0.074,-0.023,0.082,0.597,0.846,3.1582,3.3024,3.4596,3.5259,3.5328,3.65,3.6033,3.9816,0.96,1.06,1.13,1.24,1.41,1.6,1.93,2.19,2.35,2.65,2.86,0.001,-0.002030315,-0.002324265,0,-0.000689895,0.050991238,0.007827136,0.144368971,0,0.001944497,-0.006896857,-0.013382862,-0.015532501,0.010278852,0.007347871,0.03,-0.005403468,-0.003862841,-0.022095053,0.019348826
Sep-17,2.32,2.39,2.33,2.13,1.57,1.19,0.243484338,0.297195292,0.555513078,0.854184408,1.261307544,2.008119055,-0.11,-0.117,-0.083,-0.062,-0.01,0.075,0.593,0.871,2.9871,3.279,3.4127,3.4906,3.5799,3.6823,3.6373,4.1089,1,1.08,1.15,1.22,1.34,1.5,1.8,2.07,2.26,2.61,2.86,0.004,0.002034446,0.003342585,0.004830918,0.002994835,-0.065820307,-0.004853846,-0.007023074,0.004241738,-0.002278591,-0.021249759,-0.000452475,0.000375832,-0.017068191,0.045902138,0.03,-0.013999344,0.035595292,0.006312787,0.000546433
Oct-17,2.47,2.32,2.33,2.05,1.55,1.19,0.128154224,0.188630711,0.419487116,0.692198636,1.075839654,1.846629276,-0.146,-0.165,-0.159,-0.146,-0.107,0.005,0.544,0.822,2.9691,3.3418,3.3909,3.5761,3.6181,3.7041,3.6353,4.2208,0.96,1.02,1.1,1.24,1.35,1.46,1.73,1.99,2.16,2.51,2.77,0.005,0.003045473,-0.000201906,0.002884615,0.005295061,0.096620654,0.012682724,-0.009664748,0.002111961,-0.004300911,0.010506845,0.022943582,0.000596685,0.03685444,-0.085490778,0,0.036141219,-0.032122102,0.001999014,0.019302979
Nov-17,2.46,2.47,2.47,2.19,1.68,1.22,0.371147076,0.529597634,0.783891541,1.049774135,1.4008522,2.043130439,-0.136,-0.11,-0.095,-0.068,-0.019,0.073,0.593,0.864,3.2192,3.3748,3.4826,3.5846,3.6376,3.6999,3.6477,4.2427,0.95,1.01,1.22,1.31,1.49,1.63,1.94,2.17,2.34,2.64,2.87,0.001,0,-0.002887839,0.000958773,-0.000632829,-0.136640625,-0.011560215,0.03873193,0.020021143,0.001047431,-0.003390848,1.46E-05,0.001317814,-0.013754092,0.069937134,0.01,0.08131791,0.009634877,4.57E-05,0.022188135
Dec-17,2.46,2.46,2.47,2.16,1.66,1.32,0.412473677,0.542228459,0.792329195,1.049818765,1.389352541,2.032295317,-0.166,-0.16,-0.132,-0.098,-0.038,0.06,0.593,0.847,3.503,3.5121,3.5792,3.6808,3.8529,3.9048,3.863,4.3303,1.06,1.18,1.3,1.46,1.61,1.74,2.01,2.22,2.37,2.63,2.85,0,0.003036226,0.005792405,0.002873563,2.50E-05,0.082920671,0.005847708,-0.047112596,0.004132483,0.012323052,-0.005133687,-0.008796798,-0.009852217,0.015497469,0.038690935,-0.02,0.032407969,0.039701419,0.00660318,0.028082628
Jan-18,2.38,2.46,2.46,2.13,1.72,1.41,0.456044943,0.585155626,0.826880964,1.069394793,1.384360224,1.994622109,-0.16,-0.16,-0.137,-0.119,-0.086,0.04,0.581,0.831,3.9268,3.76,3.6344,3.7658,3.8136,3.9145,3.8852,4.3341,1.14,1.27,1.45,1.62,1.78,1.9,2.13,2.28,2.37,2.58,2.76,0.003,0.003027035,-0.000976621,0.00286533,-0.000588053,-0.037727011,0.007751292,-0.022363661,0.004114499,0.002590987,-0.01552593,0.006053472,-0.007202792,0.007365896,-0.028389019,0,0.001759234,0.017080384,-0.025036191,0.00983163
Feb-18,2.58,2.38,2.35,2,1.65,1.68,0.365320327,0.518943845,0.744408673,0.964208877,1.257998866,1.874850001,-0.143,-0.138,-0.109,-0.099,-0.053,0.052,0.574,0.81,3.7797,3.7725,3.6767,3.7786,3.8262,3.9,3.9008,4.3723,1.29,1.44,1.61,1.83,1.92,2.01,2.25,2.38,2.46,2.64,2.81,0.006,0.001005967,-0.00191484,-0.004761905,0.005447496,-0.07614051,0.014423447,0.046117395,-0.002048819,0.001950671,-0.028375117,-0.035037256,-0.018937921,0.047336985,-0.015489371,0.05,0.014643114,-0.005577555,0.053048494,0.056178704
Mar-18,2.72,2.58,2.54,2.27,1.92,1.37,0.551951391,0.80668145,1.04273096,1.264780726,1.547697149,2.021147178,-0.121,-0.128,-0.084,-0.071,0,0.095,0.6,0.816,3.3682,3.4996,3.4301,3.6218,3.8339,3.9005,3.9066,4.3647,1.41,1.48,1.64,1.89,2.16,2.33,2.56,2.72,2.78,2.9,3.01,0.012,0,0.004705407,0.003827751,0.004535384,0.088456708,-0.031576991,0.024382178,0.013346617,-0.000624431,-0.000696081,-0.012011174,0.009644121,-0.017646377,-0.100862657,-0.06,-0.044594161,0.034087398,-0.025674545,-0.038947372
Apr-18,2.61,2.72,2.68,2.36,2,1.57,0.59033593,0.842938684,1.075537919,1.295754713,1.573763465,1.986641732,-0.159,-0.16,-0.136,-0.112,-0.061,0.048,0.551,0.758,3.2504,3.2534,3.238,3.5337,3.7002,3.8299,3.8201,4.259,1.5,1.63,1.85,2.05,2.22,2.36,2.58,2.74,2.81,2.97,3.09,-0.011,-0.003014867,-0.00203013,0.001906578,0.002260785,-0.014465501,0.019625255,-0.167004177,0.007092874,0.003666349,-0.004923457,-0.010760951,-0.010896076,0.007975648,0.156753984,-0.03,-0.027820046,-0.009410159,-0.042020509,-0.026884499
May-18,2.84,2.61,2.57,2.31,2.05,1.76,0.678263094,0.855392585,1.030448019,1.198532683,1.424014135,1.773049561,-0.127,-0.135,-0.119,-0.108,-0.063,0.042,0.526,0.746,2.9509,3.1153,3.2831,3.5579,3.6569,3.7375,3.7357,4.175,1.68,1.77,1.92,2.08,2.25,2.37,2.55,2.67,2.73,2.85,2.97,-0.002,-0.001007995,-0.004692897,0.003805899,0.003974755,-0.00958415,0.009624239,0.23284164,-0.004024389,0.004701756,0.008177421,0.02661149,0.010153447,-0.017544423,-0.04145165,-0.03,0.047243132,-0.023646428,-0.016588067,0.002718775
Jun-18,2.86,2.84,2.83,2.63,2.21,1.74,0.633805671,0.828660973,1.048502673,1.251351519,1.508373926,1.896456516,-0.14,-0.142,-0.128,-0.119,-0.059,0.04,0.515,0.724,2.7022,2.8389,3.0208,3.2529,3.2857,3.675,3.6665,4.0914,1.68,1.85,2.05,2.26,2.5,2.66,2.82,2.93,2.97,3.03,3.13,-0.002,0.002018023,0.006232736,0.003791469,0.004159572,-0.039408268,-0.012131749,-0.039324023,-0.005050573,0.010784251,0.012782074,-0.003538122,0.011970979,-0.035401025,0.066597103,0,-0.011841302,0.053784001,0.065718525,0.021608342
Jul-18,2.76,2.86,2.82,2.56,2.29,1.74,0.459406208,0.661422383,0.877406623,1.075073318,1.333471091,1.767845196,-0.141,-0.145,-0.126,-0.108,-0.051,0.05,0.517,0.725,3.0002,3.0003,3.1619,3.3603,3.4406,3.6002,3.6202,4.0738,1.74,1.92,2.1,2.28,2.47,2.61,2.74,2.85,2.89,2.96,3.04,-0.001,-0.00100698,0.000563103,0,0.001593063,0.046814111,0.002631174,-0.018414216,-0.00609126,-0.009246958,0.032626987,0.016318364,0.021851476,-0.005534661,-0.055714436,-0.08,0.004625272,-0.051937886,0.024122515,0.004842436
Aug-18,2.81,2.76,2.73,2.49,2.25,1.78,0.607626712,0.771696693,0.968566828,1.152666709,1.391023786,1.813257852,-0.131,-0.135,-0.125,-0.115,-0.07,0.035,0.5,0.713,2.8213,3.0388,3.134,3.2844,3.344,3.4801,3.4668,3.9658,1.9,1.98,2.14,2.34,2.57,2.65,2.75,2.83,2.87,2.92,2.99,0.003,0,-0.001467263,0,6.77E-05,-0.040416147,-0.004374741,0.095808625,0.022471823,0.007825832,0.028291638,0.004597895,-0.005430096,-0.005647977,0.062014493,0.01,0.011173119,-0.055016616,-0.019985016,0.036021556
Sep-18,2.72,2.81,2.79,2.49,2.21,1.74,0.671521203,0.828441781,1.02362448,1.207167051,1.442225754,1.845855274,-0.091,-0.09,-0.076,-0.046,0.033,0.129,0.596,0.797,2.2875,2.6163,2.807,3.0695,3.1736,3.4801,3.4638,3.9788,1.93,2.03,2.22,2.45,2.67,2.78,2.87,2.96,3,3.07,3.13,0.007,0.006048958,0.004217031,0.005665722,0.000555848,-0.029638684,-0.0017572,-0.02114812,-0.013986392,0.001366682,0.004137992,4.50E-05,0.004504471,-0.009472092,0.005850854,-0.05,0.013808351,0.027789956,0.013919196,0.030263211
Oct-18,2.84,2.72,2.67,2.4,2.11,1.73,0.692144076,0.818517992,1.014768067,1.189263205,1.411642418,1.853448073,-0.112,-0.11,-0.091,-0.062,0.004,0.127,0.625,0.839,2.13,2.623,2.8387,3.3132,3.3651,3.5911,3.5951,4.1951,2,2.13,2.29,2.49,2.66,2.73,2.78,2.85,2.9,2.99,3.07,0.007,0.001001934,-0.000250556,0.000938967,0.001161839,-0.041526695,0.003521552,-0.04074252,0,0.007231188,0.003638702,0.02418038,-0.000658376,0.00153716,-0.083474848,0.04,0.054882153,-0.036573094,-0.019379556,0.004294287
Nov-18,2.84,2.84,2.8,2.53,2.26,1.84,0.775226993,0.937229322,1.151568596,1.337246376,1.568001573,1.995655053,-0.125,-0.115,-0.095,-0.06,0.012,0.139,0.662,0.904,2.0648,2.6043,2.9579,3.2884,3.4431,3.625,3.6155,4.1801,2.13,2.23,2.4,2.6,2.82,2.9,2.96,3.04,3.09,3.18,3.24,0.002,0.003002793,-0.003067577,0.000938086,0.001767025,0.02359672,-0.016666988,0.010132249,-0.003038979,0.000359594,0.014312755,-0.005550496,0.013688603,-0.024718729,0.117844409,-0.08,-0.091192975,0.015047393,-0.001189937,-0.069403356
Dec-18,2.71,2.84,2.8,2.51,2.29,1.98,0.724086176,0.823419685,1.013483489,1.191707411,1.432175767,1.945977682,-0.146,-0.125,-0.119,-0.079,-0.02,0.127,0.656,0.875,2.3114,2.6138,2.7858,3.1806,3.3076,3.5,3.4936,4.0428,2.21,2.32,2.49,2.67,2.84,2.91,2.96,3.06,3.14,3.29,3.38,-0.003,-0.001995869,0.001639064,0.001874414,-0.003349738,-0.081456812,0.036574739,-0.00236186,-0.008130576,-0.001713027,-0.003559996,0.003175539,-0.011120739,0.005944653,-0.027612851,-0.01,0.01964373,-0.05977957,-0.05083068,0.017859357
Jan-19,2.32,2.71,2.66,2.39,2.16,2.04,0.748766703,0.79050513,0.931790973,1.095389901,1.368522103,2.182462255,-0.142,-0.13,-0.129,-0.106,-0.066,0.093,0.598,0.821,2.3569,2.4704,2.4823,2.9982,3.1279,3.3698,3.35,3.8807,2.3,2.38,2.56,2.72,2.83,2.84,2.83,2.9,2.98,3.15,3.27,0,-0.002999791,0.000762976,0.001870907,-0.003193605,0.070383996,-0.01463053,-0.007219267,-0.011270453,0.000586224,-0.009263128,-0.027166685,-0.002373302,-0.007107854,-0.051616768,-0.04,-0.104527077,0.04239672,-0.007343991,-0.091776895
Feb-19,2.46,2.32,2.27,2.05,1.9,2.02,0.740325336,0.771355904,0.906858747,1.060275749,1.305238176,1.919983157,-0.173,-0.176,-0.187,-0.188,-0.18,-0.023,0.463,0.677,2.5237,2.5497,2.5014,2.7859,2.9466,3.0876,3.1734,3.6756,2.4,2.42,2.51,2.6,2.5,2.47,2.49,2.56,2.66,2.83,2.97,0.005,0,-0.002999418,-0.006535948,0.001906642,-0.013340453,0.000874187,-0.002836086,-0.004144348,-5.82E-05,-0.023512476,-0.012226946,-0.014529883,0.033369625,0.013246132,0.04,0.037908041,-0.047555021,-0.047332285,0.078684402
Mar-19,2.56,2.46,2.4,2.15,2,2.04,0.74594241,0.776648655,0.888454416,1.02646455,1.25434651,1.799548381,-0.191,-0.179,-0.18,-0.179,-0.176,-0.019,0.417,0.604,2.2062,2.3152,2.351,2.6874,2.9006,3.0512,3.1032,3.7256,2.41,2.4,2.46,2.56,2.52,2.5,2.51,2.59,2.7,2.88,3.03,0.01,0,0.00569491,0.003759398,0.00422693,0.049171362,-0.023560407,0.052041098,0.013527159,-0.005977493,-0.004363041,0.017259861,0.00119587,0.015329538,-0.126444607,0.14,0.029444735,0.049291024,0.043413252,0.029728889
Apr-19,2.37,2.56,2.51,2.27,2.09,2,0.798387819,0.847936519,0.969692744,1.106935297,1.33299355,1.903631025,-0.16,-0.15,-0.158,-0.154,-0.151,-0.004,0.439,0.628,2.0102,2.2808,2.4338,2.7896,3.0689,3.1765,3.187,3.7472,2.44,2.44,2.52,2.55,2.55,2.54,2.56,2.67,2.76,2.97,3.13,-0.004,0,0.000190089,0.001872659,0.00564094,-0.006274079,0.015191758,-0.171534144,0.006160052,-0.00526005,0.003724088,7.22E-05,0.005111617,-0.020519979,0.101031101,0.05,-0.008386639,0.00994769,0.012322976,0.017924256
May-19,2.5,2.37,2.31,2.08,1.95,2.05,0.651102465,0.634391291,0.712095172,0.823476675,1.036121366,1.643930597,-0.171,-0.174,-0.186,-0.193,-0.201,-0.07,0.359,0.532,2.0522,2.1763,2.4407,2.7526,3.0126,3.1784,3.1332,3.7079,2.42,2.43,2.46,2.41,2.33,2.29,2.31,2.4,2.49,2.71,2.89,0.001,0.003008817,-0.002190613,0.005607477,0.00529508,-0.031845971,-0.007922284,0.09326694,0.01020422,-5.89E-06,0.003173846,0.007278786,0.004281075,-0.00862556,0.002086438,0,0.049652425,0.00934977,0.029640918,0.039313498
Jun-19,2.35,2.5,2.43,2.23,2.02,2,0.746099978,0.763095447,0.870296746,0.999473811,1.216870318,1.767098618,-0.161,-0.156,-0.167,-0.169,-0.163,-0.049,0.365,0.539,2.2595,2.3636,2.6902,3.0343,3.1949,3.4249,3.3849,3.957,2.42,2.43,2.44,2.39,2.31,2.28,2.31,2.41,2.52,2.74,2.92,0,0,0.005734163,0.002788104,0.002128579,0.020781155,-0.00177435,0.085547855,-0.017171564,-0.005645982,0.025028222,-0.020774197,0.014265765,-0.024955094,0.044459736,-0.06,-0.074467006,0.043937721,0.009276544,-0.065777731
Jul-19,2.4,2.35,2.28,2.06,1.88,2.05,0.64834093,0.566185696,0.622749219,0.726958363,0.9332486,1.559118508,-0.161,-0.18,-0.194,-0.201,-0.197,-0.088,0.308,0.465,2.416,2.485,2.6934,2.9404,3.058,3.2778,3.2401,3.9153,2.36,2.35,2.31,2.11,1.82,1.79,1.83,1.95,2.07,2.34,2.53,-0.001,-0.001999861,-0.002860703,0,0.000199911,-0.089415789,0.010665998,-0.08087074,0.013360332,0.00167332,-0.004897912,-0.014722423,-0.019572322,0.006843145,-0.083334923,0.03,0.032752015,-0.079529548,-0.027143256,0.068930164
Aug-19,2.22,2.4,2.26,2.01,1.78,1.97,0.672826643,0.573478076,0.613977591,0.699419262,0.891427415,1.566057954,-0.2,-0.224,-0.229,-0.252,-0.247,-0.14,0.244,0.382,2.1946,2.3466,2.6554,2.9366,3.0578,3.26,3.2254,3.8636,2.17,2.21,2.1,1.94,1.78,1.74,1.79,1.9,2.03,2.34,2.55,0.004,0,-0.004508287,0.000926784,0.001670221,0.034366139,-0.012313145,0.088079415,0.005071063,0.00068456,0.002402761,0.00756396,0.012764228,-0.042091243,0.080204661,-0.02,0.011544007,0.079655254,0.043522436,0.013128152
Sep-19,1.93,2.22,2.14,1.92,1.78,1.81,0.486495082,0.353719361,0.380445215,0.470151113,0.679070571,1.410451249,-0.18,-0.189,-0.203,-0.227,-0.232,-0.131,0.224,0.366,2.3302,2.3474,2.6155,2.8905,2.9838,3.1649,3.1487,3.8255,2.11,2.07,2.04,1.88,1.73,1.67,1.68,1.77,1.9,2.21,2.44,0.007,0.002003868,0.006245795,0.002777778,-4.99E-05,0.072708562,-0.000890335,0.057841412,0.009082051,-0.004543553,0.037770934,-0.019564784,0.012705525,-0.000218721,-0.014236779,-0.02,-0.037969428,-0.023874197,0.011653218,-0.018091627
Oct-19,1.95,1.93,1.84,1.74,1.65,1.83,0.474142454,0.335926874,0.29945838,0.317016516,0.442629806,1.095342085,-0.26,-0.299,-0.322,-0.36,-0.379,-0.266,0.06,0.151,2.4412,2.5537,2.6206,2.7986,2.9773,3.0995,3.0723,3.7021,2.06,1.98,1.88,1.72,1.47,1.38,1.35,1.42,1.47,1.77,1.95,0.009,0.00099993,-0.000618707,0.000923361,0.000783411,-0.028674633,-0.009803394,-0.150726202,-0.005000066,0.007368522,-0.003051683,0.014149044,-0.00481379,0.011039614,-0.039602308,0.01,0.050784967,-0.063428268,-0.03993872,0.017181178
Nov-19,1.9,1.95,1.87,1.75,1.67,1.84,0.49898024,0.282356187,0.251728971,0.295664745,0.456731259,1.045781853,-0.279,-0.294,-0.306,-0.299,-0.287,-0.139,0.253,0.406,2.25,2.4279,2.5513,2.7845,2.9971,3.1435,3.1063,3.7257,1.79,1.82,1.81,1.73,1.56,1.51,1.51,1.59,1.65,1.93,2.11,0.009,0.002996794,-0.002166815,-0.000922509,0.002285621,0.049950663,0.011700355,0.073923863,0.018090121,-0.002372443,-0.0094639,0.007828142,-0.014699493,0.049503912,0.088617558,0.01,0.053833786,0.020457612,0.010763615,0.020431771
Dec-19,1.97,1.9,1.83,1.73,1.59,1.68,0.622040797,0.423636493,0.397441493,0.439672628,0.598381596,1.201615917,-0.239,-0.274,-0.292,-0.313,-0.314,-0.179,0.194,0.343,2.5073,2.6257,2.6576,2.8806,3.0639,3.2538,3.2757,3.8815,1.58,1.52,1.55,1.53,1.56,1.55,1.55,1.63,1.73,2.03,2.21,0.004,0.000995947,0.00324227,0.001846722,-0.000536025,-0.025109008,-0.035586713,0.051796561,0.013820712,-0.009063682,-0.003232025,0.006030012,0.004901889,0.002191179,0.004901322,-0.02,0.016001678,0.026509601,-0.007866506,0.034047037
Jan-20,1.94,1.97,1.87,1.77,1.64,1.65,0.656612885,0.49694733,0.485239426,0.529557356,0.684845883,1.272982075,-0.16,-0.17,-0.196,-0.159,-0.161,-0.039,0.277,0.425,2.4097,2.5495,2.6506,2.8504,3.0065,3.1753,3.2062,3.7985,1.6,1.6,1.62,1.6,1.61,1.63,1.65,1.77,1.83,2.15,2.28,0,0,0.001905161,0,-0.00090952,-0.054541774,-0.007380154,-0.162287075,0.002920614,0.005371582,-0.006527675,-0.00522636,-0.014034241,0.014155452,-0.015230253,0.06,0.015570979,-0.012838179,-0.002256786,0.028589819
Feb-20,1.86,1.94,1.88,1.78,1.59,1.7,0.571242839,0.534492753,0.578936095,0.651419935,0.821403373,1.396511349,-0.124,-0.136,-0.145,-0.14,-0.129,-0.025,0.27,0.401,2.0092,2.1097,2.416,2.7458,2.9156,3.0657,3.1485,3.7324,1.53,1.54,1.57,1.56,1.58,1.59,1.67,1.79,1.88,2.19,2.33,0.014,0,-0.002399323,-0.001843318,0.003879354,0.092539404,0.003717513,0.094641778,0.010680497,-0.002584533,-0.007157479,3.67E-05,0.010510466,-0.001832528,-0.009735596,-0.02,-0.019083008,0.020084882,0.035204792,-0.001628093
Mar-20,1.55,1.86,1.74,1.6,1.43,1.5,0.580738211,0.408100965,0.377250055,0.40239428,0.529468634,1.094951287,-0.141,-0.165,-0.184,-0.175,-0.178,-0.06,0.243,0.383,1.78,1.8217,2.091,2.3978,2.6269,2.7776,2.8231,3.4252,1.56,1.57,1.56,1.46,1.36,1.34,1.35,1.45,1.54,1.84,2.01,0.008,-0.001989912,0.000748473,0.002770083,0.002740703,-0.196974334,0.000925987,0.133179983,0.016330298,-0.004978489,0.007958822,-0.006805818,0.022424487,-0.020674612,-0.031162076,-0.03,-0.088868898,-0.041725092,-0.028655183,-0.084110484
Apr-20,1.59,1.55,1.5,1.41,1.29,1.53,0.429443233,0.299199069,0.281322155,0.308398878,0.433090824,1.008207066,-0.22,-0.264,-0.275,-0.257,-0.264,-0.133,0.156,0.284,1.7825,1.8871,1.9251,2.3951,2.5372,2.7548,2.7428,3.3836,1.41,1.13,0.95,0.89,0.84,0.85,0.88,1.01,1.1,1.46,1.66,-0.012,0,-0.003450373,0,-0.002176124,0.001715918,-0.024976991,-0.205192977,0.016067904,0.002527572,0.015491568,-0.000933991,0.022155216,-0.034852271,0.095137439,-0.05,-0.105280958,-0.034845699,-0.091645044,-0.125119282
May-20,1.21,1.59,1.46,1.26,0.95,0.81,0.120194896,0.146921955,0.162716486,0.209063142,0.361595422,0.901653624,-0.15,-0.14,-0.162,-0.125,-0.152,0.018,0.294,0.41,1.3001,1.4282,1.6778,1.9821,2.3119,2.5287,2.555,3.1857,0.03,0.09,0.14,0.16,0.23,0.28,0.37,0.51,0.62,1.04,1.27,-0.009,-0.00099694,-0.009216175,0,-0.006686777,0.192763553,0.000948829,0.335501373,-0.076278844,-0.039020722,-0.00335249,-0.013190197,-0.009313367,0.008069262,-0.077772524,0.04,0.067488451,-0.188664503,-0.180366618,0.126844038
Jun-20,1.2,1.21,1.09,0.88,0.52,0.45,0.050759646,0.03639617,0.061444576,0.112521391,0.243850289,0.630632056,-0.18,-0.164,-0.174,-0.144,-0.15,-0.024,0.314,0.429,0.9068,1.0121,1.1616,1.5006,1.8361,2.4291,2.5809,3.3669,0.1,0.12,0.12,0.17,0.2,0.25,0.36,0.53,0.64,1.04,1.27,-0.008,-0.000997935,0.0047267,0,1.94E-05,-0.047694637,-0.09383879,0.000654456,-0.153071866,-0.133814625,0.008607287,0.01078699,0.001474654,-0.010141547,-0.138297942,0,0.083402351,0.050576371,0.056556245,0.04528182
Jul-20,1.27,1.2,1.14,0.83,0.44,0.27,0.013280103,-0.045366001,-0.03547127,0.026388694,0.18451294,0.646815103,-0.17,-0.169,-0.175,-0.131,-0.106,0.014,0.355,0.509,1.458,1.5543,1.5897,1.902,2.2369,2.6643,2.7253,3.5035,0.12,0.14,0.18,0.17,0.14,0.2,0.31,0.5,0.66,1.22,1.46,-0.001,-0.001997863,0.000201045,0.001841621,0.005471669,0.027100188,-0.084728087,-0.243969354,0.077288964,0.016256987,-0.007945294,-0.001577635,-0.013620468,-0.002788176,0.091393118,0.05,0.018751808,-0.005004505,0.069990595,0.018388396
Aug-20,1.09,1.27,1.22,0.9,0.53,0.28,-0.009801069,-0.087812671,-0.06257468,0.015849315,0.191701489,0.699508032,-0.18,-0.145,-0.145,-0.091,-0.074,0.062,0.443,0.616,1.7067,2.0579,2.1276,2.4036,2.5976,2.8265,2.8456,3.5766,0.12,0.14,0.17,0.16,0.17,0.19,0.31,0.52,0.69,1.2,1.43,0.006,0.001000931,-0.003236181,0.003676471,0.005058506,-0.122510675,0.027428618,0.109460841,0.105960009,0.065012075,-0.010212441,-0.027019213,-0.015861168,0.065576167,0.051802964,0.11,-0.025939383,0.023250982,-0.001371947,0.055101321
Sep-20,1.42,1.09,1.04,0.85,0.5,0.31,-0.021850383,-0.132942342,-0.127685824,-0.051791284,0.125219354,0.682249793,-0.151,-0.14,-0.149,-0.112,-0.113,0.029,0.398,0.554,1.9415,2.0836,2.1565,2.5443,2.6845,2.9896,2.9466,3.6945,0.09,0.1,0.11,0.12,0.11,0.13,0.22,0.4,0.56,1.01,1.23,0.004,0.00099993,0.006342132,-0.003663004,0.003153201,0.071936213,0.056729641,0.045578824,0.046906449,0.03769989,-0.020393019,0.008138905,-0.010020128,0.018191243,0.007305807,0.03,0.065857198,-0.047989211,-0.020316793,0.070064667
Oct-20,1.28,1.42,1.31,1,0.52,0.3,-0.044205092,-0.07401914,-0.003050576,0.12486863,0.353254709,0.9612475,-0.13,-0.12,-0.113,-0.076,-0.066,0.051,0.425,0.611,2.2348,2.5199,2.5203,2.922,2.9811,3.1528,3.0478,3.7603,0.09,0.12,0.13,0.12,0.13,0.14,0.26,0.46,0.68,1.2,1.43,0.002,-0.001997863,0.00332642,0.003676471,0.001392458,-0.021966087,0.029473658,0.064308059,0.021925394,0.009195424,-0.007138279,0.001222315,0.007734807,-0.03668182,0.041763648,-0.05,0.001960235,0.021586295,-0.02831166,-0.03922797
Nov-20,1.12,1.28,1.19,0.88,0.46,0.28,-0.013334591,-0.082225965,-0.056157234,0.045964844,0.256176745,0.829521817,-0.14,-0.13,-0.129,-0.109,-0.1,0.022,0.408,0.611,2.3662,2.6009,2.7017,2.9897,3.1147,3.2619,3.1873,3.8834,0.09,0.09,0.1,0.12,0.14,0.16,0.27,0.46,0.68,1.23,1.45,-0.003,-0.001000931,-0.004274059,0,0.000415244,0.036169178,0.021472458,0.162203234,0.0027989,-0.000455756,-0.01487807,-0.010504997,-0.001396199,0.006409649,-0.016273247,0,-0.008970766,-0.014894329,0.002968245,-0.027665786
Dec-20,1.17,1.12,1.08,0.81,0.48,0.29,-0.026418828,-0.067326695,-0.024727278,0.083436022,0.297556105,0.883215358,-0.13,-0.125,-0.131,-0.092,-0.078,0.046,0.413,0.635,2.6647,2.7794,2.7525,2.9462,2.9757,3.2364,3.1785,3.8465,0.09,0.09,0.11,0.13,0.16,0.2,0.38,0.63,0.87,1.41,1.63,-0.006,-0.003006786,0.00395142,-0.000915751,-0.000610775,0.158699427,0.046045995,-0.168386602,-0.00186102,0.006101615,-0.020554066,-0.004514414,-0.020906382,0.029569828,-0.012491659,0.05,0.150431675,-0.023037181,-0.038180442,0.107545635
Jan-21,1.23,1.17,1.11,0.86,0.49,0.32,-0.021040668,-0.01766199,0.038507758,0.148696251,0.3554702,0.913954311,-0.13,-0.13,-0.152,-0.105,-0.101,0.025,0.397,0.651,2.8801,2.8203,2.8457,3.0061,3.0915,3.2843,3.2725,3.8817,0.07,0.09,0.1,0.12,0.17,0.22,0.42,0.68,0.92,1.46,1.66,0.007,-0.002009911,0.003636182,0.002749771,0.000941769,-0.109978784,-0.007655481,0.004359206,0.002796292,0.004430189,-0.008181265,-0.009233095,-0.010908167,0.022408642,0.047736568,0.02,0.038229755,0.15185029,0.129047546,0.037121459
Feb-21,1.4,1.23,1.14,0.89,0.46,0.36,-0.150364566,-0.120277315,-0.064185974,0.036825153,0.230776785,0.796401075,-0.112,-0.121,-0.132,-0.102,-0.089,0.033,0.408,0.655,2.1518,2.3646,2.4952,2.8784,2.9961,3.2124,3.178,3.7593,0.09,0.09,0.09,0.1,0.11,0.16,0.36,0.64,0.93,1.46,1.66,0.01,0.005035887,-0.000288646,-0.000914077,0.004253081,0.034210349,-0.000964384,0.073662995,-0.016728319,0.011553178,-0.014657631,0.015118142,0.003900404,0.005527979,-0.039817254,0,0.007987879,0.015912612,0.029312124,-0.011136661
Mar-21,1.68,1.4,1.31,1.04,0.54,0.36,-0.113057521,-0.07569909,0.012501743,0.146650976,0.372040919,0.948631041,-0.12,-0.125,-0.124,-0.108,-0.075,0.061,0.47,0.67,2.4501,2.4235,2.6043,2.8464,2.9899,3.1725,3.1712,3.7342,0.06,0.07,0.08,0.08,0.11,0.17,0.42,0.76,1.09,1.66,1.84,0.006,0,0.005724811,0.000914913,0.005474601,0.086515592,0.027027004,0.06090821,-0.032136706,0.008248967,0.007982448,0.017672898,0.003011821,0.016342466,-0.063164726,0.01,0.047088195,0.01308895,-0.016047158,0.026091451
Apr-21,2.08,1.68,1.63,1.3,0.66,0.35,0.002912987,0.184490073,0.38955948,0.604718244,0.892585991,1.434509599,-0.12,-0.12,-0.113,-0.057,0.016,0.16,0.533,0.725,2.0012,2.2472,2.6096,2.8985,3.0805,3.2295,3.2475,3.7761,0.03,0.05,0.07,0.08,0.13,0.27,0.71,1.12,1.45,2.11,2.23,-0.005,0.001001934,0.002217492,0.00274223,0.007083098,0.00280571,-0.008458584,-0.15206281,-0.008788441,-0.034511737,0.014371942,0.035436037,0.011230388,-0.01316224,0.265653343,-0.02,0.007346232,0.026474975,0.01888371,0.042438633
May-21,1.96,2.08,2.05,1.72,0.91,0.39,0.005872973,0.163612374,0.3901135,0.625423908,0.928194062,1.449019559,-0.13,-0.125,-0.126,-0.072,-0.013,0.122,0.503,0.697,1.9756,2.2641,2.5806,2.8685,2.9939,3.1819,3.196,3.7186,0.02,0.02,0.04,0.06,0.17,0.35,0.9,1.37,1.69,2.24,2.34,-0.003,-0.008008432,-0.001669317,0.006381039,0.008218916,-0.076658759,0.006635091,0.247738567,-0.004926173,0.028945836,-0.015187947,-0.012701156,-0.016079462,0.014999291,-0.072310743,0,-0.012549177,0.070191726,0.022580151,0.052425321
Jun-21,1.85,1.96,1.93,1.58,0.77,0.37,0.023955152,0.170169465,0.403627542,0.638327795,0.93101108,1.39102456,-0.123,-0.126,-0.137,-0.091,-0.045,0.091,0.454,0.655,1.9428,2.0461,2.3266,2.7587,2.9451,3.1256,3.1507,3.6601,0.02,0.04,0.04,0.06,0.16,0.33,0.84,1.29,1.63,2.18,2.3,-0.002,0.003027035,0.00804393,0.005434783,0.008017012,-0.00568375,0.020715649,-0.058837714,-0.013861757,0.001564171,-0.016040302,0.009209937,-0.001810774,0.016307074,-0.074058781,0.05,0.00164682,0.000968042,0.027588203,0.005486489
Jul-21,1.88,1.85,1.83,1.5,0.87,0.34,0.014654839,0.142041651,0.362630353,0.592957543,0.8888071,1.357142295,-0.12,-0.125,-0.13,-0.092,-0.047,0.085,0.453,0.683,1.8343,2.0929,2.3725,2.7475,2.9193,3.0258,3.04,3.5602,0.01,0.02,0.04,0.04,0.16,0.31,0.81,1.28,1.62,2.22,2.3,-0.004,0.001005967,-0.000127597,0.003603604,0.009290679,0.097058322,-0.041512909,-0.063416892,-0.001003839,0.008772202,0.015029682,0.005713976,0.016402116,-0.02380897,0.045747605,-0.01,-0.00237528,0.000775569,0.022719361,0.02221401
Aug-21,1.66,1.88,1.86,1.58,0.9,0.34,0.022248226,0.168622718,0.361837193,0.556141342,0.820206177,1.295031613,-0.11,-0.12,-0.135,-0.107,-0.084,0.052,0.437,0.682,1.8732,2.2036,2.4189,2.7789,2.9601,3.0999,3.0878,3.6657,0.05,0.05,0.05,0.09,0.25,0.47,0.89,1.24,1.48,2.01,2.07,0.003,0.002010899,-0.001943654,0,0.004811073,0.155127051,0.044273291,0.118796329,-0.016080426,0.003618755,-0.000402284,-0.00782563,0.006417788,0.004425421,-0.003325376,-0.05,-0.052374413,-0.01977893,0.006313149,0.022748055
Sep-21,1.85,1.66,1.59,1.3,0.75,0.35,0.023323738,0.138632361,0.286668797,0.437576959,0.650045527,1.044740999,-0.13,-0.13,-0.139,-0.123,-0.124,0.022,0.393,0.642,1.7973,1.9589,2.1281,2.5162,2.6515,2.818,2.8212,3.4117,0.05,0.05,0.06,0.07,0.17,0.33,0.66,0.96,1.2,1.77,1.86,0.001,0,0.005498072,0.006283662,0.002065411,-0.106639489,-0.014746502,-0.050851067,-0.010214641,0.006165194,0.000712019,0.002498423,-0.005926123,-0.01032436,0.005160795,0.04,0.029539706,0.011852672,-0.006096705,0.028990416
Oct-21,1.97,1.85,1.69,1.42,0.8,0.35,0.099774583,0.213648087,0.345269372,0.494164972,0.713795103,1.119919418,-0.13,-0.13,-0.124,-0.107,-0.096,0.035,0.412,0.654,2.09,2.0901,2.2911,2.531,2.6466,2.8273,2.8226,3.3876,0.04,0.05,0.06,0.07,0.2,0.42,0.78,1.08,1.31,1.84,1.92,0,0.004011755,0.004167033,0.002676182,0.002716148,-0.075369663,-0.031805462,0.01733494,0.00103181,2.40E-05,0.000696045,0.018118287,0.012064134,-0.024275351,0.001799465,0.01,0.048527713,-0.023212557,0.009619132,-0.047569169
Nov-21,2.18,1.97,1.87,1.57,0.93,0.34,0.183520457,0.436047909,0.618648597,0.797465642,1.042922368,1.446086048,-0.12,-0.125,-0.125,-0.095,-0.058,0.064,0.433,0.663,1.8119,2.2006,2.344,2.5453,2.7429,2.8894,2.9131,3.4414,0.08,0.04,0.05,0.09,0.27,0.49,0.93,1.26,1.48,1.99,2.04,0.007,-0.001997863,0.002854165,0.008896797,0.008307822,-0.052341042,-0.050241562,0.022430792,-0.011340166,-0.010627662,-0.010031532,0.01696507,-0.010003379,0.019631443,0.017607229,-0.01,-0.019012568,-0.011895046,-0.017171014,0.069143836
Dec-21,2.02,2.18,2.14,1.85,1.46,0.44,0.481407147,0.705513512,0.793459091,0.89456778,1.039261885,1.171516794,-0.11,-0.105,-0.099,-0.077,-0.046,0.097,0.474,0.674,2.2408,2.3494,2.3151,2.6684,2.8134,2.9775,2.9435,3.4606,0.05,0.05,0.06,0.15,0.5,0.79,1.2,1.46,1.58,2.01,1.98,0.004,0.002001862,0.009800874,0.00617284,0.00491363,-0.047546513,0.043743727,-0.006479344,-0.008341543,0.012548708,-0.002763595,-0.000272306,0.015164105,-0.027388605,0.0477454,0,-0.037065767,0.055042263,0.037220349,-0.008333706
Jan-22,2.09,2.02,1.96,1.74,1.34,0.47,0.255199667,0.498350898,0.580939206,0.67232304,0.824350384,0.95052554,-0.13,-0.12,-0.123,-0.086,-0.08,0.072,0.463,0.671,2.28,2.28,2.2443,2.5999,2.7129,2.8748,2.8401,3.3817,0.09,0.06,0.1,0.25,0.56,0.85,1.15,1.35,1.43,1.84,1.77,-0.003,0,0.004617205,0.005258545,0.003072418,0.140244316,0.043859642,-0.020143781,0.015773079,0.00889883,-0.002332864,0.011062906,-0.01202169,0.013767879,0.066290932,0.02,0.034863042,-0.037526599,-0.01645579,0.043612914
Feb-22,2.02,2.09,1.96,1.7,1.4,0.54,0.411989528,0.692747216,0.762078055,0.839040776,0.978540595,1.198500957,-0.091,-0.085,-0.09,-0.067,-0.039,0.104,0.492,0.693,2.0722,2.171,2.2529,2.4438,2.6127,2.785,2.7855,3.3345,0.05,0.08,0.22,0.4,0.78,1.04,1.37,1.55,1.63,2.05,2.01,0.004,0.001997863,0.000315974,-0.00087184,0.008414556,-0.080327975,-0.013071934,0.097364814,0.002070027,-0.003074359,-0.00331131,0.001729461,0.002943983,-0.007036405,-0.090220124,-0.08,-0.06216131,0.011619463,0.046936117,-0.052585165
Mar-22,2.12,2.02,1.97,1.75,1.55,0.68,0.868725402,1.04402413,1.10203133,1.183971963,1.323798745,1.521085085,-0.08,-0.05,-0.043,0,0.038,0.187,0.574,0.782,1.6644,1.8225,1.9472,2.2697,2.4142,2.6769,2.7256,3.2879,0.04,0.19,0.48,0.78,1.18,1.39,1.63,1.76,1.81,2.19,2.12,0.006,0.003987759,0.008681752,0.006980803,0.009134264,-0.051761002,-0.006622536,-0.080664099,-0.004132483,0.00135493,-0.005510943,0.002802294,0.002323197,-0.002247193,-0.093423322,0.03,-0.017597234,0.057985164,0.004081198,-0.031360492
Apr-22,2.63,2.12,2.08,1.88,1.66,0.74,0.890033915,1.06482845,1.100057837,1.210991787,1.427370786,1.653258213,-0.07,-0.035,-0.019,0.01,0.04,0.186,0.655,0.876,1.8962,2.0028,2.0537,2.303,2.5419,2.7973,2.8025,3.3713,0.11,0.32,0.6,0.91,1.31,1.47,1.56,1.67,1.72,2.19,2.11,0,0.003972895,0.012450298,0.009532062,0.0133514,0.007661642,0.010476252,-0.045579155,-0.002074323,0.006472893,0.004781507,0.055682009,-0.004790146,-0.017526753,0.198648149,-0.06,0.04880379,-0.01126662,-0.02728052,0.035773288
May-22,2.83,2.63,2.54,2.38,2.35,1.04,1.179299011,1.405040882,1.427568463,1.486081639,1.626383621,1.823370561,-0.075,-0.04,-0.045,0.026,0.102,0.226,0.701,0.918,1.8842,2.0161,2.1052,2.3807,2.5495,2.7925,2.7743,3.3602,0.15,0.53,1.09,1.72,2.44,2.61,2.55,2.5,2.39,2.6,2.44,0.004,0.003956202,-0.001349692,0.021459227,0.005582806,-0.087716825,-0.006597673,0.144230605,-0.003118939,0.00788182,0.041174246,0.062784297,0.022091931,-0.042917661,-0.063020967,-0.06,-0.034992066,0.042847165,0.028334834,-0.087956712
Jun-22,2.93,2.83,2.77,2.63,2.49,1.66,1.458023929,1.64590247,1.689829028,1.765536837,1.919122079,2.09629903,-0.075,-0.05,-0.04,0.017,0.135,0.231,0.758,0.989,1.8427,1.8945,2.0367,2.4391,2.6075,2.8399,2.8282,3.3157,0.41,0.9,1.49,2.1,2.73,2.93,3.01,3.04,2.99,3.26,3.07,-0.002,0.002955459,0.009864191,0.005882353,0.011023281,0.001330595,-0.003795004,-0.049922531,0,0.003096966,0.007990919,-0.014635878,-0.011436549,0.005728036,-0.011670584,0.05,0.016086934,-0.020426368,0.003108293,5.32E-05
Jul-22,3.12,2.93,2.91,2.76,2.54,1.77,1.528381263,1.640368711,1.719669294,1.868147442,2.130324618,2.465316026,-0.085,-0.075,-0.059,-0.001,0.114,0.242,0.766,1.034,1.5206,1.7295,1.9415,2.3463,2.5594,2.7674,2.7551,3.2643,0.77,1.15,1.63,2.16,2.66,2.84,2.94,2.98,2.94,3.31,3.09,0,0,0.009972304,0.006683375,0.013736308,-0.026756918,-0.047619043,-0.013179559,0.003128697,-0.000179592,0.005930664,0.068905404,0.019054588,-0.040738451,0.063945037,0.07,-0.032506165,-0.03143073,-0.003753308,-0.08392
Aug-22,2.82,3.12,3.06,2.92,2.73,2.3,1.827112843,1.902861092,1.932737172,2.044863668,2.294233242,2.669600857,-0.105,-0.07,-0.074,0.026,0.148,0.229,0.873,1.205,1.5328,1.7598,1.9324,2.4455,2.6485,2.8425,2.8255,3.2926,1.27,1.73,2.52,2.79,2.84,2.85,2.88,2.92,2.88,3.35,3.11,0.005,0.00491125,0.001518344,0.005809129,-0.000118384,0.009424438,0.054999994,0.040456044,-0.013513692,-0.000881433,0.006477805,-0.024592089,-0.013363109,0.00397303,0.022333733,-0.04,0.053370192,-0.045749075,-0.048360868,0.091116392
Sep-22,3.07,2.82,2.73,2.64,2.5,2.83,1.756760012,1.652629503,1.60868528,1.68131174,1.927741995,2.525705871,-0.145,-0.09,-0.094,-0.018,0.039,0.19,0.868,1.238,1.4558,1.5902,1.8269,2.2912,2.4895,2.7079,2.7292,3.2246,2.22,2.56,2.96,2.98,2.9,2.82,2.66,2.64,2.6,3.12,2.92,-0.001,0.003910758,0.009436216,0.004950495,-0.000354394,-0.045636871,0.004739336,-0.064731171,-0.00421492,0.004348176,0.024854668,0.041312003,0.017153919,-0.042711823,-0.005353388,-0.02,0.010427035,0.046246434,0.034144504,-0.042440128
Oct-22,3.34,3.07,3.07,3.05,2.95,2.91,2.909741429,2.865848948,2.730326071,2.718676475,2.862361244,3.167334239,-0.135,-0.08,-0.085,0.03,0.145,0.25,0.89,1.236,1.4708,1.6629,1.7243,2.19,2.3965,2.6064,2.6125,3.1032,2.53,2.97,3.34,3.51,3.51,3.54,3.39,3.36,3.26,3.64,3.37,0.003,0.003894567,0.004332669,0.00410509,0.002151128,0.184888657,0.014150942,0.009421946,-0.009523836,0.000985011,0.030835793,0.04106424,0.024076989,-0.042053145,-0.019309815,-0.06,-0.076689252,-0.004529525,-0.035735194,-0.093395672
Nov-22,3.25,3.34,3.41,3.47,3.52,3.26,4.014644707,4.381204186,4.317213538,4.206154295,4.102077996,3.755489219,-0.115,-0.055,-0.048,0.072,0.179,0.267,0.975,1.33,1.5463,1.7547,1.8323,2.3404,2.5811,2.7577,2.7626,3.1851,2.87,3.46,3.97,4.01,4.12,4.12,3.9,3.79,3.67,4,3.73,0.001,0.005819188,-0.004042088,0.01635323,0.004055851,-0.040062793,-0.008372133,0.023990165,0.00106839,0.002847563,0.0178975,0.023409074,-0.013568559,0.038185442,-0.069169952,-0.04,0.063624805,-0.03628632,-0.033537106,0.079863414
Dec-22,2.9,3.25,3.38,3.42,3.26,3.73,3.128334958,3.453300001,3.56565943,3.580233358,3.616743331,3.706675262,-0.105,-0.045,-0.04,0.078,0.179,0.264,1.1,1.482,1.628,1.6918,1.7523,2.2451,2.4476,2.67,2.6629,3.0753,3.72,4.23,4.58,4.75,4.54,4.48,4.27,4.18,4.07,4.37,4.14,-0.002,0.001928507,0.009700345,0.004022526,-0.001010066,-0.01661666,-0.002814238,-0.024052133,0.003201649,-0.00112936,-0.012687205,-0.061341442,-0.025845888,0.030261427,-0.032483274,0.09,0.013829808,0.007534381,0.040151923,0.053752893
Jan-23,2.65,2.9,3.04,3.03,2.91,3.8,3.286980519,3.254039439,3.223427682,3.202362,3.25151816,3.510078717,-0.085,-0.03,-0.01,0.109,0.191,0.276,1.124,1.505,2.081,2.094,2.1456,2.4517,2.6749,2.8558,2.86,3.2615,4.04,4.33,4.65,4.66,4.25,3.98,3.68,3.62,3.53,3.85,3.64,0,0.00192574,0.002045801,0.00400641,-0.003069883,-0.009150053,-0.007525849,-0.050293392,-0.001063743,-0.003294358,-0.036609213,-0.055028969,-0.025622755,0.01273389,0.034442577,-0.02,-0.067020304,0.051822393,0.051812094,-0.058971474
Feb-23,2.81,2.65,3.11,3.12,2.84,4.25,3.451724844,3.582782421,3.581355825,3.608441027,3.731233728,4.005066581,0.005,0.025,0.057,0.246,0.445,0.491,1.328,1.61,1.9162,2.0658,2.112,2.4096,2.6298,2.8107,2.8228,3.193,4.17,4.53,4.77,4.72,4.4,4.18,3.94,3.89,3.79,4.06,3.88,0.008,0.005763286,0.001897721,-0.003990423,0.007995413,0.047188862,-0.002843581,0.099590084,0,-0.015386964,-0.021675148,-0.00481273,-0.019326916,0.021044732,-0.097756325,0.05,0.047236367,-0.014252611,-0.000582127,0.061752858
Mar-23,3.01,2.81,2.97,2.94,2.82,3.93,3.414870464,3.226321105,3.21375018,3.260598807,3.411318397,3.800351504,-0.065,-0.02,0.016,0.192,0.378,0.5,1.35,1.57,1.8148,2.0212,2.1631,2.5388,2.7091,2.8638,2.9101,3.2889,4.59,4.66,4.79,4.66,4.09,3.75,3.48,3.43,3.39,3.67,3.55,-0.005,-0.006685305,0.005583633,0.009615385,0.005582184,0.046447781,-0.041825027,-0.074069768,0,0.01047428,0.029061324,0.044742808,0.02457769,-0.023640863,-0.013581239,0.01,0.004334566,0.040621727,0.027405022,-0.026112494
Apr-23,2.7,3.01,3.22,3.32,3.34,3.91,3.997139494,3.766398721,3.684480994,3.676581076,3.780629435,4.180926186,-0.065,-0.035,-0.003,0.219,0.407,0.525,1.205,1.389,2.0618,2.18,2.3197,2.5692,2.7354,2.8667,2.8977,3.3049,4.67,4.9,5.2,5.06,4.89,4.61,4.27,4.17,4.01,4.17,3.97,-0.003,0.003845885,0.00503486,0.006349206,0.003310549,-0.000974801,0.035714126,-0.111325019,-0.001065078,0.000188879,-0.01058483,-0.022858462,-0.013791311,0.027004799,0.188166482,0,0.021712798,-0.036288544,0.01981933,0.035051613
May-23,2.53,2.7,2.82,2.91,2.94,3.71,3.92854085,3.561926809,3.406342801,3.372941329,3.478123641,3.907009192,-0.095,-0.04,-0.031,0.138,0.252,0.422,1.104,1.335,1.8824,2.1002,2.2328,2.5118,2.6949,2.8356,2.8604,3.2407,4.7,4.9,4.88,4.6,3.97,3.73,3.52,3.48,3.43,3.78,3.64,-0.001,0.006704514,0.000763881,0.011829653,0.005059373,0.062295861,-0.001915625,0.215267966,0.007462787,0.000897005,0.005923964,0.023415762,0.005248771,0.01523579,-0.152217902,0.02,0.029062623,0.007987515,-0.030566284,0.014642341
Jun-23,2.61,2.53,2.6,2.8,2.85,3.57,4.170123544,3.790964232,3.617816722,3.578059844,3.678251984,4.123616476,-0.105,-0.045,-0.033,0.113,0.208,0.413,1.027,1.279,1.9801,2.0432,2.1362,2.4366,2.5968,2.7309,2.7613,3.1182,4.49,5.27,5.14,4.86,4.14,3.85,3.64,3.62,3.59,3.95,3.84,-0.002,0,0.003239578,0.006235386,0.002518124,0.021372298,0.009596928,-0.074280178,0.00211633,0.004793495,0.024294251,0.025469482,0.011903513,-0.013051039,0.028335747,-0.04,0.0703982,0.000277348,0.013036622,0.002482347
Jul-23,2.6,2.61,2.72,2.89,2.91,3.61,4.593919718,4.320417155,4.116827221,4.043647795,4.115478821,4.522368584,-0.125,-0.065,-0.059,0.093,0.209,0.434,1.03,1.277,1.7113,1.8499,1.9721,2.2363,2.4256,2.649,2.6825,3.0694,5.3,5.5,5.44,5.11,4.33,3.98,3.7,3.66,3.61,3.98,3.84,-0.002,0.000951409,0.004795017,0.00232378,0.003228788,-0.0361913,-0.027566578,-0.057082576,-0.005279802,-0.002922229,0.024410227,0.035681525,0.003990258,0.016335962,0.038612152,0,0.074500359,-0.035249955,-0.036377063,0.064727465
Aug-23,2.74,2.6,2.84,3.07,3.1,3.62,5.298936176,5.075316358,4.679408305,4.414995947,4.288387616,4.40255989,-0.125,-0.065,-0.068,0.084,0.189,0.432,1.015,1.262,1.626,1.7546,1.8425,2.2324,2.4333,2.6327,2.6402,3.0133,5.27,5.44,5.53,5.43,4.94,4.56,4.19,4.03,3.86,4.08,3.87,0.002,0.004753457,-0.002350849,-0.00309119,0.001907888,-0.021713571,0.029325511,0.088472159,0.025478149,-0.005419222,-0.020546623,-0.027780101,-0.018360395,0.0189724,-0.014483075,0.03,-0.000506803,0.012885703,0.004938407,0.031138932
Sep-23,3.09,2.74,2.88,3.03,2.97,3.71,5.059874943,4.702715394,4.38537427,4.226496344,4.213454309,4.439226807,-0.095,0,0.016,0.182,0.347,0.596,1.246,1.491,1.5841,1.7843,1.7751,2.2533,2.4599,2.6393,2.6607,3.0119,5.49,5.54,5.54,5.38,4.92,4.57,4.24,4.15,4.05,4.3,4.11,0.003,0.001892016,0.008772472,0.003100775,0.004366761,0.060581129,-0.016144369,-0.011877279,-0.011387115,0.009746606,0.02545475,0.03794458,0.013813773,-0.011061174,0.014087352,-0.05,-0.016666926,0.051975305,0.018467543,-0.01771639
Oct-23,3.2,3.09,3.12,3.16,3.11,3.68,4.974012387,4.627680376,4.382233513,4.269773798,4.291951216,4.608292166,-0.075,0.02,0.058,0.222,0.372,0.636,1.325,1.569,1.6514,1.9596,1.9578,2.244,2.4382,2.5949,2.585,2.928,5.51,5.53,5.47,5.36,4.87,4.57,4.29,4.27,4.18,4.48,4.29,0.002,0.002832664,0.005047986,0.005409583,0.002485767,-0.024674078,0.001930523,-0.103169296,-0.007330236,0.000266634,0.001455324,0.022388901,0.011802885,-0.040025834,-0.000762189,0,-0.023351812,-0.039960993,-0.02631397,-0.048719367
,,3.2,3.27,3.4,3.34,3.79,4.873360565,4.42056736,4.270466413,4.258545192,4.39230321,4.916887723,-0.055,0.055,0.119,0.359,0.533,0.779,1.481,1.672,1.8109,2.0903,2.1477,2.3702,2.5175,2.6603,2.6651,2.9926,5.56,5.62,5.58,5.49,5.12,4.88,4.72,4.73,4.69,5,4.81,,,,,,,,,,,0.002029009,0.003240336,0.001720855,-0.005399496,,-0.03,-0.031351041,-0.009296165,0.006186584,-0.021979689
,,,,,,,,,,,,,,,,,,,,,,,,,,,,,,,,,,,,,,,,,,,,,,,,,,,,,,,,-0.031351041,-0.041164152,-0.02240664,
